replica,domain,column,strength,row,psnr_db,ssim,noop_db,gain_db,gain_ssim,reference_row,denominator_db,retained
1,synthetic,d0,1,noop,33.37652973927243,0.858833558988963,33.37652973927243,0.0,0.0,d0,6.486442432851298,0.0
1,synthetic,d0,1,d0,39.862972172123726,0.9740268749586294,33.37652973927243,6.486442432851298,0.11519331596966642,d0,6.486442432851298,1.0
1,synthetic,d0,1,d1,41.19825928128381,0.974948566894576,33.37652973927243,7.821729542011383,0.11611500790561302,d0,6.486442432851298,1.205858160768895
1,synthetic,d0,1,d15,36.76353375358761,0.9455570369483159,33.37652973927243,3.387004014315181,0.08672347795935298,d0,6.486442432851298,0.5221666652218061
1,synthetic,d0,1,d2,36.569647436365834,0.943438025343586,33.37652973927243,3.193117697093406,0.08460446635462304,d0,6.486442432851298,0.4922756549756014
1,synthetic,d0,1,d3,34.951849045731095,0.913896161323422,33.37652973927243,1.5753193064586668,0.05506260233445903,d0,6.486442432851298,0.24286337584378914
1,synthetic,d0,1,d3n,33.72889902285007,0.9002637112168639,33.37652973927243,0.3523692835776444,0.04143015222790092,d0,6.486442432851298,0.0543239668316536
1,synthetic,d0,2,noop,30.74033465031727,0.7632131291932903,30.74033465031727,0.0,0.0,d0,6.199722685478104,0.0
1,synthetic,d0,2,d0,36.94005733579537,0.9421406829916815,30.74033465031727,6.199722685478104,0.1789275537983912,d0,6.199722685478104,1.0
1,synthetic,d0,2,d1,37.22470543140537,0.9432897698431507,30.74033465031727,6.484370781088099,0.1800766406498604,d0,6.199722685478104,1.045913036768038
1,synthetic,d0,2,d15,32.7216660564942,0.8489852785364563,30.74033465031727,1.9813314061769312,0.08577214934316602,d0,6.199722685478104,0.31958387603656774
1,synthetic,d0,2,d2,32.799840090397936,0.8406926900078433,30.74033465031727,2.0595054400806667,0.07747956081455298,d0,6.199722685478104,0.3321931551720436
1,synthetic,d0,2,d3,31.651199636683216,0.8033068931368595,30.74033465031727,0.9108649863659473,0.04009376394356923,d0,6.199722685478104,0.1469202789504615
1,synthetic,d0,2,d3n,31.333604790056256,0.7981757279363036,30.74033465031727,0.593270139738987,0.03496259874301333,d0,6.199722685478104,0.09569301238725257
1,synthetic,d0,3,noop,29.136183076598833,0.6955022851010444,29.136183076598833,0.0,0.0,d0,5.2200354825946675,0.0
1,synthetic,d0,3,d0,34.3562185591935,0.892868321722662,29.136183076598833,5.2200354825946675,0.19736603662161756,d0,5.2200354825946675,1.0
1,synthetic,d0,3,d1,34.455940199659466,0.8925055768750083,29.136183076598833,5.319757123060633,0.19700329177396392,d0,5.2200354825946675,1.01910363268573
1,synthetic,d0,3,d15,31.025284395889496,0.7800503407047947,29.136183076598833,1.8891013192906634,0.08454805560375034,d0,5.2200354825946675,0.36189434450964075
1,synthetic,d0,3,d2,31.20883374532064,0.7754385884015214,29.136183076598833,2.0726506687218063,0.07993630330047696,d0,5.2200354825946675,0.39705681611412647
1,synthetic,d0,3,d3,29.717799693721002,0.7194429788091373,29.136183076598833,0.5816166171221688,0.02394069370809293,d0,5.2200354825946675,0.11142005050760131
1,synthetic,d0,3,d3n,29.554801922829498,0.7176844212091025,29.136183076598833,0.4186188462306646,0.02218213610805808,d0,5.2200354825946675,0.08019463615266197
1,synthetic,d0,4,noop,28.05113930930554,0.65204414009908,28.05113930930554,0.0,0.0,d0,4.564436433460791,0.0
1,synthetic,d0,4,d0,32.61557574276633,0.844000061832963,28.05113930930554,4.564436433460791,0.1919559217338831,d0,4.564436433460791,1.0
1,synthetic,d0,4,d1,30.227162717899805,0.7466737274790594,28.05113930930554,2.176023408594265,0.0946295873799794,d0,4.564436433460791,0.47673430013010104
1,synthetic,d0,4,d15,29.822602811105934,0.7224101767923351,28.05113930930554,1.771463501800394,0.07036603669325514,d0,4.564436433460791,0.3881012535992875
1,synthetic,d0,4,d2,29.9988490329438,0.7217989024785763,28.05113930930554,1.9477097236382583,0.0697547623794963,d0,4.564436433460791,0.4267141742538168
1,synthetic,d0,4,d3,28.44320985606019,0.6664393974602782,28.05113930930554,0.39207054675464903,0.014395257361198288,d0,4.564436433460791,0.08589681387180105
1,synthetic,d0,4,d3n,28.331803182861616,0.6657878680793052,28.05113930930554,0.280663873556076,0.013743727980225273,d0,4.564436433460791,0.06148927203774738
1,synthetic,d0,5,noop,27.248359129104255,0.6235171477615553,27.248359129104255,0.0,0.0,d0,4.0657200393318575,0.0
1,synthetic,d0,5,d0,31.314079168436113,0.788001415995365,27.248359129104255,4.0657200393318575,0.16448426823380968,d0,4.0657200393318575,1.0
1,synthetic,d0,5,d1,28.225294089697897,0.6613322713222582,27.248359129104255,0.9769349605936419,0.037815123560702935,d0,4.0657200393318575,0.2402858414113007
1,synthetic,d0,5,d15,28.677289676755805,0.6750206870624157,27.248359129104255,1.4289305476515501,0.05150353930086038,d0,4.0657200393318575,0.3514581756313881
1,synthetic,d0,5,d2,28.83679191034165,0.6765091355991475,27.248359129104255,1.588432781237394,0.05299198783759218,d0,4.0657200393318575,0.39068916843040424
1,synthetic,d0,5,d3,27.5206879391021,0.6326065683903549,27.248359129104255,0.2723288099978447,0.009089420628799583,d0,4.0657200393318575,0.06698169263090678
1,synthetic,d0,5,d3n,27.428638093796135,0.6322165562716169,27.248359129104255,0.18027896469187965,0.008699408510061568,d0,4.0657200393318575,0.044341214581392056
1,synthetic,d0,all,noop,29.710509180919665,0.7186220522287866,29.710509180919665,0.0,0.0,d0,5.30727141474334,0.0
1,synthetic,d0,all,d0,35.017780595663005,0.8882074715002601,29.710509180919665,5.30727141474334,0.16958541927147353,d0,5.30727141474334,1.0
1,synthetic,d0,all,d1,34.26627234398927,0.8437499824828105,29.710509180919665,4.5557631630696065,0.1251279302540239,d0,5.30727141474334,0.858400260143832
1,synthetic,d0,all,d15,31.80207533876661,0.7944047040088635,29.710509180919665,2.0915661578469447,0.07578265178007693,d0,5.30727141474334,0.3940944403251502
1,synthetic,d0,all,d2,31.88279244307397,0.7915754683661349,29.710509180919665,2.1722832621543056,0.07295341613734829,d0,5.30727141474334,0.4093032167376647
1,synthetic,d0,all,d3,30.456949234259522,0.7471383998240104,29.710509180919665,0.7464400533398567,0.028516347595223812,d0,5.30727141474334,0.14064478618264797
1,synthetic,d0,all,d3n,30.075549402478714,0.7428256569426385,29.710509180919665,0.3650402215590489,0.024203604713851856,d0,5.30727141474334,0.06878114817059951
1,synthetic,d1,1,noop,34.56333812462892,0.9021340251136833,34.56333812462892,0.0,0.0,d1,2.5832866272903914,0.0
1,synthetic,d1,1,d0,30.876537815864097,0.8635606066945573,34.56333812462892,-3.6868003087648233,-0.03857341841912609,d1,2.5832866272903914,-1.4271743095855791
1,synthetic,d1,1,d1,37.14662475191931,0.9558804626979739,34.56333812462892,2.5832866272903914,0.05374643758429054,d1,2.5832866272903914,1.0
1,synthetic,d1,1,d15,35.3467436325718,0.949661744860976,34.56333812462892,0.7834055079428808,0.04752771974729264,d1,2.5832866272903914,0.3032592278637677
1,synthetic,d1,1,d2,35.01907315249734,0.9485369566236863,34.56333812462892,0.4557350278684211,0.046402931510002965,d1,2.5832866272903914,0.17641674874709565
1,synthetic,d1,1,d3,34.61439909778291,0.9325200273565284,34.56333812462892,0.05106097315398728,0.030386002242845045,d1,2.5832866272903914,0.0197658953577076
1,synthetic,d1,1,d3n,32.775122656665495,0.9128753660290454,34.56333812462892,-1.7882154679634255,0.010741340915362052,d1,2.5832866272903914,-0.6922249544716934
1,synthetic,d1,2,noop,32.84866000591869,0.8509033530027094,32.84866000591869,0.0,0.0,d1,3.6846997491182876,0.0
1,synthetic,d1,2,d0,35.50694096435404,0.9415224203369427,32.84866000591869,2.6582809584353484,0.0906190673342333,d1,3.6846997491182876,0.7214376039924145
1,synthetic,d1,2,d1,36.533359755036976,0.9472003803230787,32.84866000591869,3.6846997491182876,0.09629702732036938,d1,3.6846997491182876,1.0
1,synthetic,d1,2,d15,34.855735698932776,0.927399395256535,32.84866000591869,2.0070756930140874,0.07649604225382567,d1,3.6846997491182876,0.5447053571988765
1,synthetic,d1,2,d2,34.75033698122267,0.9256760224322198,32.84866000591869,1.9016769753039782,0.07477266942951044,d1,3.6846997491182876,0.5161009321747398
1,synthetic,d1,2,d3,33.832285763019684,0.9003496665014348,32.84866000591869,0.9836257571009952,0.049446313498725414,d1,3.6846997491182876,0.26694868620879275
1,synthetic,d1,2,d3n,32.83226201840969,0.8881586778975429,32.84866000591869,-0.016397987508995016,0.03725532489483352,d1,3.6846997491182876,-0.004450291373922365
1,synthetic,d1,3,noop,31.051562371410675,0.7807401906268697,31.051562371410675,0.0,0.0,d1,4.402365602842515,0.0
1,synthetic,d1,3,d0,35.1744787316479,0.9295581436800845,31.051562371410675,4.122916360237227,0.14881795305321477,d1,4.402365602842515,0.936522936117606
1,synthetic,d1,3,d1,35.45392797425319,0.9317890906865608,31.051562371410675,4.402365602842515,0.15104890005969107,d1,4.402365602842515,1.0
1,synthetic,d1,3,d15,32.68793305267191,0.8603331753023913,31.051562371410675,1.6363706812612335,0.07959298467552156,d1,4.402365602842515,0.3717025864922857
1,synthetic,d1,3,d2,32.72978981519529,0.8531240281574602,31.051562371410675,1.678227443784614,0.07238383753059052,d1,4.402365602842515,0.3812103753266239
1,synthetic,d1,3,d3,31.910502742176323,0.823591057876466,31.051562371410675,0.858940370765648,0.0428508672495963,d1,4.402365602842515,0.19510882290445125
1,synthetic,d1,3,d3n,31.5397407166387,0.8174530867483695,31.051562371410675,0.4881783452280253,0.03671289612149975,d1,4.402365602842515,0.11089000534458536
1,synthetic,d1,4,noop,29.689872120960217,0.7215096905449746,29.689872120960217,0.0,0.0,d1,4.328743633216533,0.0
1,synthetic,d1,4,d0,33.922194529430406,0.8998457906881409,29.689872120960217,4.232322408470189,0.17833610014316625,d1,4.328743633216533,0.977725355688321
1,synthetic,d1,4,d1,34.01861575417675,0.8999710933647246,29.689872120960217,4.328743633216533,0.17846140281974998,d1,4.328743633216533,1.0
1,synthetic,d1,4,d15,31.31205757123204,0.8048809866236409,29.689872120960217,1.6221854502718216,0.08337129607866633,d1,4.328743633216533,0.37474740657404887
1,synthetic,d1,4,d2,31.48411107488641,0.7988427429299959,29.689872120960217,1.7942389539261931,0.0773330523850213,d1,4.328743633216533,0.4144941594965649
1,synthetic,d1,4,d3,30.34157513757267,0.7513086611634129,29.689872120960217,0.6517030166124513,0.02979897061843828,d1,4.328743633216533,0.15055246321625992
1,synthetic,d1,4,d3n,30.138520943368544,0.7485199805226684,29.689872120960217,0.4486488224083267,0.027010289977693835,d1,4.328743633216533,0.1036441195005471
1,synthetic,d1,5,noop,28.671492101105166,0.6779651391828004,28.671492101105166,0.0,0.0,d1,4.139713542920326,0.0
1,synthetic,d1,5,d0,32.83070634438958,0.8662026457215699,28.671492101105166,4.159214243284417,0.18823750653876947,d1,4.139713542920326,1.004710640038715
1,synthetic,d1,5,d1,32.81120564402549,0.8575125682633807,28.671492101105166,4.139713542920326,0.1795474290805803,d1,4.139713542920326,1.0
1,synthetic,d1,5,d15,30.388097954333666,0.7568441905382094,28.671492101105166,1.7166058532285007,0.07887905135540896,d1,4.139713542920326,0.4146677868965628
1,synthetic,d1,5,d2,30.563400150531894,0.7538618545423091,28.671492101105166,1.8919080494267284,0.0758967153595087,d1,4.139713542920326,0.45701424260677176
1,synthetic,d1,5,d3,29.16204494780778,0.6978371049946462,28.671492101105166,0.490552846702613,0.019871965811845804,d1,4.139713542920326,0.11849922503491792
1,synthetic,d1,5,d3n,29.022620778150962,0.6966287205350791,28.671492101105166,0.3511286770457964,0.018663581352278635,d1,4.139713542920326,0.08481955898767228
1,synthetic,d1,all,noop,31.364984944804732,0.7866504796942075,31.364984944804732,0.0,0.0,d1,3.8277618310776163,0.0
1,synthetic,d1,all,d0,33.6621716771372,0.9001379214242591,31.364984944804732,2.29718673233247,0.11348744173005154,d1,3.8277618310776163,0.6001383664160085
1,synthetic,d1,all,d1,35.19274677588235,0.9184707190671437,31.364984944804732,3.8277618310776163,0.1318202393729362,d1,3.8277618310776163,1.0
1,synthetic,d1,all,d15,32.91811358194844,0.8598238985163505,31.364984944804732,1.5531286371437076,0.07317341882214301,d1,3.8277618310776163,0.40575372912019997
1,synthetic,d1,all,d2,32.90934223486672,0.8560083209371343,31.364984944804732,1.5443572900619884,0.06935784124292677,d1,3.8277618310776163,0.40346222106175583
1,synthetic,d1,all,d3,31.972161537671873,0.8211213035784977,31.364984944804732,0.6071765928671411,0.034470823884290125,d1,3.8277618310776163,0.15862444416929797
1,synthetic,d1,all,d3n,31.261653422646678,0.8127271663465411,31.364984944804732,-0.10333152215805441,0.026076686652333536,d1,3.8277618310776163,-0.026995285160927543
1,synthetic,d15,1,noop,33.09485290742256,0.8714521355556211,33.09485290742256,0.0,0.0,d15,4.148634795068013,0.0
1,synthetic,d15,1,d0,32.446589220432045,0.8925138926617976,33.09485290742256,-0.6482636869905178,0.021061757106176526,d15,4.148634795068013,-0.1562595212673788
1,synthetic,d15,1,d1,36.32497530476029,0.9497525994094884,33.09485290742256,3.2301223973377233,0.07830046385386735,d15,4.148634795068013,0.7785988781605369
1,synthetic,d15,1,d15,37.243487702490576,0.9592486114345246,33.09485290742256,4.148634795068013,0.08779647587890349,d15,4.148634795068013,1.0
1,synthetic,d15,1,d2,36.873524541004166,0.9577879064631574,33.09485290742256,3.7786716335816024,0.0863357709075363,d15,4.148634795068013,0.9108229141002648
1,synthetic,d15,1,d3,34.987995431389606,0.9265880652884363,33.09485290742256,1.8931425239670432,0.055135929732815225,d15,4.148634795068013,0.4563290377397529
1,synthetic,d15,1,d3n,33.55838783926807,0.9093920156401648,33.09485290742256,0.4635349318455084,0.03793988008454374,d15,4.148634795068013,0.11173192019614955
1,synthetic,d15,2,noop,32.30474629254408,0.8474569041040582,32.30474629254408,0.0,0.0,d15,4.393459882960073,0.0
1,synthetic,d15,2,d0,32.650569885325545,0.895096538749659,32.30474629254408,0.34582359278146413,0.04763963464560084,d15,4.393459882960073,0.07871326972228254
1,synthetic,d15,2,d1,35.02194996041311,0.9288260850995919,32.30474629254408,2.717203667869029,0.0813691809955337,d15,4.393459882960073,0.6184655693358296
1,synthetic,d15,2,d15,36.698206175504154,0.9521879277150955,32.30474629254408,4.393459882960073,0.10473102361103737,d15,4.393459882960073,1.0
1,synthetic,d15,2,d2,36.36101695924857,0.9492842496616739,32.30474629254408,4.056270666704492,0.10182734555761574,d15,4.393459882960073,0.9232520097512757
1,synthetic,d15,2,d3,34.12514092458805,0.9057983105871039,32.30474629254408,1.8203946320439712,0.058341406483045755,d15,4.393459882960073,0.41434192653137164
1,synthetic,d15,2,d3n,33.104527364560695,0.8917300209319088,32.30474629254408,0.7997810720166143,0.04427311682785062,d15,4.393459882960073,0.18203900646015814
1,synthetic,d15,3,noop,31.474966764315752,0.8171739539965778,31.474966764315752,0.0,0.0,d15,4.137737636655707,0.0
1,synthetic,d15,3,d0,32.10478394844163,0.8745124935935921,31.474966764315752,0.6298171841258764,0.05733853959701429,d15,4.137737636655707,0.1522129335959834
1,synthetic,d15,3,d1,33.48713013554963,0.8909739191375428,31.474966764315752,2.012163371233875,0.07379996514096498,d15,4.137737636655707,0.48629554310267714
1,synthetic,d15,3,d15,35.61270440097146,0.9332675950683899,31.474966764315752,4.137737636655707,0.11609364107181208,d15,4.137737636655707,1.0
1,synthetic,d15,3,d2,35.22459125250158,0.9262288988140267,31.474966764315752,3.7496244881858303,0.10905494481744893,d15,4.137737636655707,0.9062016051883932
1,synthetic,d15,3,d3,33.000222626269704,0.8723996636509336,31.474966764315752,1.5252558619539514,0.055225709654355803,d15,4.137737636655707,0.36862072849711347
1,synthetic,d15,3,d3n,32.329866795069734,0.8619811630263016,31.474966764315752,0.8549000307539814,0.044807209029723793,d15,4.137737636655707,0.20661049728734066
1,synthetic,d15,4,noop,30.69828188882747,0.7861866222314992,30.69828188882747,0.0,0.0,d15,3.621162496754824,0.0
1,synthetic,d15,4,d0,31.189221505715814,0.8363121285397962,30.69828188882747,0.490939616888344,0.05012550630829704,d15,3.621162496754824,0.13557514122282807
1,synthetic,d15,4,d1,32.08524696744104,0.8463475279426071,30.69828188882747,1.3869650786135672,0.06016090571110799,d15,3.621162496754824,0.3830165257307628
1,synthetic,d15,4,d15,34.319444385582294,0.9037819979721112,30.69828188882747,3.621162496754824,0.11759537574061207,d15,3.621162496754824,1.0
1,synthetic,d15,4,d2,33.91908418413619,0.8927090204622544,30.69828188882747,3.2208022953087188,0.10652239823075527,d15,3.621162496754824,0.8894387639867319
1,synthetic,d15,4,d3,31.90167365598007,0.8343708007982079,30.69828188882747,1.203391767152599,0.04818417856670876,d15,3.621162496754824,0.33232194584778846
1,synthetic,d15,4,d3n,31.475085674160525,0.8278077357657638,30.69828188882747,0.7768037853330547,0.041621113534264675,d15,3.621162496754824,0.21451779256777423
1,synthetic,d15,5,noop,30.024864209851188,0.757637276516554,30.024864209851188,0.0,0.0,d15,3.1029601567228084,0.0
1,synthetic,d15,5,d0,30.286578494506262,0.7949593170812712,30.024864209851188,0.2617142846550742,0.03732204056471722,d15,3.1029601567228084,0.08434342416161854
1,synthetic,d15,5,d1,30.960826125704628,0.8040739691465604,30.024864209851188,0.93596191585344,0.04643669263000638,d15,3.1029601567228084,0.30163517047603866
1,synthetic,d15,5,d15,33.127824366573996,0.8701249546291823,30.024864209851188,3.1029601567228084,0.11248767811262828,d15,3.1029601567228084,1.0
1,synthetic,d15,5,d2,32.74364278605287,0.8562963781444172,30.024864209851188,2.7187785762016787,0.09865910162786318,d15,3.1029601567228084,0.8761886839930026
1,synthetic,d15,5,d3,30.98554333055523,0.7990986770454427,30.024864209851188,0.960679120704043,0.04146140052888869,d15,3.1029601567228084,0.3096008560157164
1,synthetic,d15,5,d3n,30.696735904317507,0.7949510786497852,30.024864209851188,0.6718716944663186,0.03731380213323121,d15,3.1029601567228084,0.21652604626928754
1,synthetic,d15,all,noop,31.519542412592212,0.815981378480862,31.519542412592212,0.0,0.0,d15,3.880790993632285,0.0
1,synthetic,d15,all,d0,31.73554861088426,0.8586788741252233,31.519542412592212,0.21600619829204604,0.042697495644361205,d15,3.880790993632285,0.055660353429616616
1,synthetic,d15,all,d1,33.57602569877374,0.8839948201471581,31.519542412592212,2.0564832861815283,0.06801344166629608,d15,3.880790993632285,0.5299134350589522
1,synthetic,d15,all,d15,35.4003334062245,0.9237222173638607,31.519542412592212,3.880790993632285,0.10774083888299868,d15,3.880790993632285,1.0
1,synthetic,d15,all,d2,35.02437194458867,0.916461290709106,31.519542412592212,3.50482953199646,0.10047991222824393,d15,3.880790993632285,0.9031224659476088
1,synthetic,d15,all,d3,33.000115193756535,0.8676511034740249,31.519542412592212,1.480572781164323,0.0516697249931628,d15,3.880790993632285,0.3815131460554536
1,synthetic,d15,all,d3n,32.23292071547531,0.8571724028027848,31.519542412592212,0.7133783028830969,0.04119102432192279,d15,3.880790993632285,0.1838229124046177
1,synthetic,d2,1,noop,32.909640911621665,0.866606938142172,32.909640911621665,0.0,0.0,d2,4.025885537734055,0.0
1,synthetic,d2,1,d0,32.478784244519446,0.8926216042993215,32.909640911621665,-0.43085666710221915,0.026014666157149424,d2,4.025885537734055,-0.10702158893089746
1,synthetic,d2,1,d1,36.0484898114988,0.9466734279265426,32.909640911621665,3.1388488998771322,0.08006648978437059,d2,4.025885537734055,0.7796667020105629
1,synthetic,d2,1,d15,37.276701592100615,0.9588605523781037,32.909640911621665,4.36706068047895,0.0922536142359317,d2,4.025885537734055,1.0847453658448827
1,synthetic,d2,1,d2,36.93552644935572,0.9576420207314648,32.909640911621665,4.025885537734055,0.09103508258929272,d2,4.025885537734055,1.0
1,synthetic,d2,1,d3,34.87352065574395,0.9236968154470685,32.909640911621665,1.9638797441222877,0.05708987730489645,d2,4.025885537734055,0.4878131098649281
1,synthetic,d2,1,d3n,33.52969880278681,0.906907466871078,32.909640911621665,0.6200578911651462,0.04030052872890599,d2,4.025885537734055,0.15401776462679612
1,synthetic,d2,2,noop,31.806919737623332,0.8314557613761212,31.806919737623332,0.0,0.0,d2,4.386159796558076,0.0
1,synthetic,d2,2,d0,32.379227531504746,0.8875699123810155,31.806919737623332,0.5723077938814143,0.05611415100489425,d2,4.386159796558076,0.13048037928999257
1,synthetic,d2,2,d1,34.16107286981574,0.9127085395290259,31.806919737623332,2.3541531321924083,0.08125277815290466,d2,4.386159796558076,0.5367230655936814
1,synthetic,d2,2,d15,36.35849468983395,0.946256513422084,31.806919737623332,4.551574952210615,0.11480075204596274,d2,4.386159796558076,1.0377129797647464
1,synthetic,d2,2,d2,36.19307953418141,0.9452815257551525,31.806919737623332,4.386159796558076,0.11382576437903125,d2,4.386159796558076,1.0
1,synthetic,d2,2,d3,33.55558920452852,0.889683635895241,31.806919737623332,1.7486694669051914,0.058227874519119815,d2,4.386159796558076,0.3986789237084828
1,synthetic,d2,2,d3n,32.751874365470776,0.877338207978318,31.806919737623332,0.9449546278474443,0.04588244660219676,d2,4.386159796558076,0.21544008236748985
1,synthetic,d2,3,noop,30.69457967176124,0.7875395796598403,30.69457967176124,0.0,0.0,d2,3.9461068431872164,0.0
1,synthetic,d2,3,d0,31.316056526613906,0.8474833141498163,30.69457967176124,0.6214768548526663,0.05994373448997592,d2,3.9461068431872164,0.15749113735367287
1,synthetic,d2,3,d1,32.17259108583692,0.8547524216505283,30.69457967176124,1.4780114140756808,0.067212841990688,d2,3.9461068431872164,0.37454926407464206
1,synthetic,d2,3,d15,34.59075232743098,0.9091628623722304,30.69457967176124,3.896172655669737,0.12162328271239009,d2,3.9461068431872164,0.9873459616017015
1,synthetic,d2,3,d2,34.640686514948456,0.9114090813941239,30.69457967176124,3.9461068431872164,0.12386950173428357,d2,3.9461068431872164,1.0
1,synthetic,d2,3,d3,31.97236205177128,0.8368961152084556,30.69457967176124,1.2777823800100414,0.0493565355486153,d2,3.9461068431872164,0.323808358665219
1,synthetic,d2,3,d3n,31.535836927745265,0.8283954444737501,30.69457967176124,0.8412572559840257,0.04085586481390979,d2,3.9461068431872164,0.21318663924075448
1,synthetic,d2,4,noop,29.7173876177649,0.7444352232986742,29.7173876177649,0.0,0.0,d2,3.2300751420141935,0.0
1,synthetic,d2,4,d0,30.003588449182644,0.7869783616219888,29.7173876177649,0.28620083141774444,0.04254313832331458,d2,3.2300751420141935,0.08860500726285792
1,synthetic,d2,4,d1,30.545171563412662,0.7916560456268664,29.7173876177649,0.8277839456477629,0.04722082232819225,d2,3.2300751420141935,0.25627389743372275
1,synthetic,d2,4,d15,32.663310297755565,0.852144987831513,29.7173876177649,2.945922679990666,0.10770976453283887,d2,3.2300751420141935,0.9120291480753797
1,synthetic,d2,4,d2,32.94746275977909,0.8614700638919089,29.7173876177649,3.2300751420141935,0.11703484059323477,d2,3.2300751420141935,1.0
1,synthetic,d2,4,d3,30.602926372474347,0.7823522455241758,29.7173876177649,0.8855387547094473,0.03791702222550164,d2,3.2300751420141935,0.27415422730916644
1,synthetic,d2,4,d3n,30.35776358680546,0.7769463399465375,29.7173876177649,0.6403759690405622,0.032511116647863325,d2,3.2300751420141935,0.19825420180201747
1,synthetic,d2,5,noop,28.919718038173908,0.707329754004596,28.919718038173908,0.0,0.0,d2,2.5547448363326524,0.0
1,synthetic,d2,5,d0,28.902908764333233,0.7295188024118893,28.919718038173908,-0.016809273840674877,0.0221890484072933,d2,2.5547448363326524,-0.006579629245793746
1,synthetic,d2,5,d1,29.343955909120083,0.7371625042731214,28.919718038173908,0.4242378709461754,0.029832750268525388,d2,2.5547448363326524,0.1660588035692718
1,synthetic,d2,5,d15,31.039796121265965,0.7927898259046914,28.919718038173908,2.120078083092057,0.08546007190009541,d2,2.5547448363326524,0.8298590344292226
1,synthetic,d2,5,d2,31.47446287450656,0.8081556267770523,28.919718038173908,2.5547448363326524,0.10082587277245636,d2,2.5547448363326524,1.0
1,synthetic,d2,5,d3,29.54335578811001,0.735836243785463,28.919718038173908,0.6236377499361012,0.028506489780867006,d2,2.5547448363326524,0.2441096038504323
1,synthetic,d2,5,d3n,29.402438540212426,0.7330803029148232,28.919718038173908,0.4827205020385179,0.02575054891022721,d2,2.5547448363326524,0.18895057352634298
1,synthetic,d2,all,noop,30.80964919538901,0.7874734512962808,30.80964919538901,0.0,0.0,d2,3.6285944311652365,0.0
1,synthetic,d2,all,d0,31.016113103230794,0.8288343989728062,30.80964919538901,0.20646390784178337,0.04136094767652543,d2,3.6285944311652365,0.05689914146053584
1,synthetic,d2,all,d1,32.45425624793684,0.8485905878012169,30.80964919538901,1.6446070525478298,0.06111713650493611,d2,3.6285944311652365,0.4532352908946353
1,synthetic,d2,all,d15,34.38581100567742,0.8918429483817245,30.80964919538901,3.576161810288408,0.10436949708544374,d2,3.6285944311652365,0.9855501567145405
1,synthetic,d2,all,d2,34.43824362655425,0.8967916637099405,30.80964919538901,3.6285944311652365,0.10931821241365969,d2,3.6285944311652365,1.0
1,synthetic,d2,all,d3,32.10955081452562,0.8336930111720808,30.80964919538901,1.2999016191366088,0.046219559875800065,d2,3.6285944311652365,0.35823833271969624
1,synthetic,d2,all,d3n,31.515522444604148,0.8245335524369014,30.80964919538901,0.7058732492151378,0.03706010114062064,d2,3.6285944311652365,0.1945307646268044
1,synthetic,d3,1,noop,31.17066918350721,0.8220091817272661,31.17066918350721,0.0,0.0,d3,0.5897099723278636,0.0
1,synthetic,d3,1,d0,28.620934183004316,0.7728185369627016,31.17066918350721,-2.5497350005028956,-0.04919064476456447,d3,0.5897099723278636,-4.3237101628753
1,synthetic,d3,1,d1,31.19934402447911,0.849033891220048,31.17066918350721,0.028674840971898874,0.027024709492781906,d3,0.5897099723278636,0.048625328241789334
1,synthetic,d3,1,d15,30.875635879767334,0.8535274849139469,31.17066918350721,-0.2950333037398778,0.03151830318668081,d3,0.5897099723278636,-0.5003023818221051
1,synthetic,d3,1,d2,30.763466693000613,0.8539792599364625,31.17066918350721,-0.40720249050659874,0.031970078209196395,d3,0.5897099723278636,-0.6905131498780296
1,synthetic,d3,1,d3,31.760379155835075,0.8656488799992861,31.17066918350721,0.5897099723278636,0.04363969827201997,d3,0.5897099723278636,1.0
1,synthetic,d3,1,d3n,31.000899763689354,0.8547286001309543,31.17066918350721,-0.16976941981785743,0.032719418403688194,d3,0.5897099723278636,-0.28788629628849144
1,synthetic,d3,2,noop,29.173319516070013,0.7465974133745046,29.173319516070013,0.0,0.0,d3,0.45249455071391154,0.0
1,synthetic,d3,2,d0,27.01518879850146,0.67858601506747,29.173319516070013,-2.158130717568554,-0.06801139830703462,d3,0.45249455071391154,-4.769407088248066
1,synthetic,d3,2,d1,28.742340810175794,0.7477336588627855,29.173319516070013,-0.43097870589421916,0.0011362454882809514,d3,0.45249455071391154,-0.9524505990497647
1,synthetic,d3,2,d15,28.256501146773218,0.747965455780007,29.173319516070013,-0.916818369296795,0.0013680424055023677,d3,0.45249455071391154,-2.026142343262054
1,synthetic,d3,2,d2,28.15870480425481,0.7491699562526085,29.173319516070013,-1.0146147118152022,0.002572542878103934,d3,0.45249455071391154,-2.2422694598518818
1,synthetic,d3,2,d3,29.625814066783924,0.7900827220823843,29.173319516070013,0.45249455071391154,0.0434853087078797,d3,0.45249455071391154,1.0
1,synthetic,d3,2,d3n,29.01747242511158,0.7781468481650935,29.173319516070013,-0.15584709095843152,0.031549434790588915,d3,0.45249455071391154,-0.3444176083724054
1,synthetic,d3,3,noop,27.911662250214338,0.6913424154584397,27.911662250214338,0.0,0.0,d3,0.44265710857552776,0.0
1,synthetic,d3,3,d0,26.31607684498102,0.6300958825864702,27.911662250214338,-1.5955854052333187,-0.06124653287196946,d3,0.44265710857552776,-3.6045629321709494
1,synthetic,d3,3,d1,27.521394694870068,0.6855984815633352,27.911662250214338,-0.3902675553442698,-0.005743933895104414,d3,0.44265710857552776,-0.8816475501775003
1,synthetic,d3,3,d15,27.03641012146999,0.6822043669629545,27.911662250214338,-0.8752521287443464,-0.009138048495485163,d3,0.44265710857552776,-1.9772688877874594
1,synthetic,d3,3,d2,26.899882678358768,0.6824081835290635,27.911662250214338,-1.0117795718555698,-0.008934231929376146,d3,0.44265710857552776,-2.285695976082888
1,synthetic,d3,3,d3,28.354319358789866,0.733998607763662,27.911662250214338,0.44265710857552776,0.04265619230522233,d3,0.44265710857552776,1.0
1,synthetic,d3,3,d3n,27.732188848217888,0.7205230750080566,27.911662250214338,-0.17947340199645012,0.029180659549616905,d3,0.44265710857552776,-0.4054456565127717
1,synthetic,d3,4,noop,27.072173224435726,0.6539821297517965,27.072173224435726,0.0,0.0,d3,0.42575292381322427,0.0
1,synthetic,d3,4,d0,25.83899505024225,0.5998378379482059,27.072173224435726,-1.2331781741934762,-0.054144291803590594,d3,0.42575292381322427,-2.896464369871164
1,synthetic,d3,4,d1,26.746753924732477,0.6463882804210757,27.072173224435726,-0.325419299703249,-0.0075938493307208255,d3,0.42575292381322427,-0.7643383791440711
1,synthetic,d3,4,d15,26.340301349621985,0.6411628147050249,27.072173224435726,-0.7318718748137414,-0.012819315046771584,d3,0.42575292381322427,-1.7190061039599813
1,synthetic,d3,4,d2,26.167716738382975,0.6406570740470864,27.072173224435726,-0.9044564860527515,-0.013325055704710098,d3,0.42575292381322427,-2.124369406443659
1,synthetic,d3,4,d3,27.49792614824895,0.6932461683151308,27.072173224435726,0.42575292381322427,0.03926403856333427,d3,0.42575292381322427,1.0
1,synthetic,d3,4,d3n,26.88618634434373,0.6807692164098713,27.072173224435726,-0.1859868800919955,0.026787086658074832,d3,0.42575292381322427,-0.4368422850187801
1,synthetic,d3,5,noop,26.44963058776139,0.6279625110433136,26.44963058776139,0.0,0.0,d3,0.369672452541586,0.0
1,synthetic,d3,5,d0,25.408187256396655,0.5760993665631668,26.44963058776139,-1.0414433313647358,-0.05186314448014673,d3,0.369672452541586,-2.8172056754690953
1,synthetic,d3,5,d1,26.16583160597394,0.6193540945033512,26.44963058776139,-0.2837989817874522,-0.00860841653996236,d3,0.369672452541586,-0.7677038952625946
1,synthetic,d3,5,d15,25.831456199968365,0.6126568010981094,26.44963058776139,-0.6181743877930259,-0.015305709945204193,d3,0.369672452541586,-1.6722219455167138
1,synthetic,d3,5,d2,25.652455952783146,0.6147773875415046,26.44963058776139,-0.7971746349782443,-0.013185123501809004,d3,0.369672452541586,-2.156435053511505
1,synthetic,d3,5,d3,26.819303040302977,0.6615348279979867,26.44963058776139,0.369672452541586,0.03357231695467311,d3,0.369672452541586,1.0
1,synthetic,d3,5,d3n,26.290923433079964,0.6516220518205087,26.44963058776139,-0.1587071546814265,0.02365954077719512,d3,0.369672452541586,-0.42931831568805595
1,synthetic,d3,all,noop,28.355490952397737,0.708378730271064,28.355490952397737,0.0,0.0,d3,0.4560574015944212,0.0
1,synthetic,d3,all,d0,26.63987642662514,0.6514875278256029,28.355490952397737,-1.7156145257725974,-0.056891202445461087,d3,0.4560574015944212,-3.761839013629954
1,synthetic,d3,all,d1,28.075133012046276,0.7096216813141192,28.355490952397737,-0.2803579403514611,0.0012429510430551627,d3,0.4560574015944212,-0.6147426604004285
1,synthetic,d3,all,d15,27.668060939520178,0.7075033846920085,28.355490952397737,-0.6874300128775594,-0.0008753455790555531,d3,0.4560574015944212,-1.5073322140463832
1,synthetic,d3,all,d2,27.528445373356064,0.7081983722613451,28.355490952397737,-0.8270455790416733,-0.00018035800971893945,d3,0.4560574015944212,-1.813468164643839
1,synthetic,d3,all,d3,28.81154835399216,0.74890224123169,28.355490952397737,0.4560574015944212,0.04052351096062601,d3,0.4560574015944212,1.0
1,synthetic,d3,all,d3n,28.185534162888505,0.7371579583068969,28.355490952397737,-0.1699567895092322,0.028779228035832882,d3,0.4560574015944212,-0.372665346324929
1,synthetic,d3n,1,noop,29.047162028746985,0.7629306727759715,29.047162028746985,0.0,0.0,d3n,1.8949082670972928,0.0
1,synthetic,d3n,1,d0,21.093010991235293,0.30002883175029443,29.047162028746985,-7.954151037511693,-0.46290184102567705,d3n,1.8949082670972928,-4.197644379744158
1,synthetic,d3n,1,d1,26.698371528482213,0.6016473733287462,29.047162028746985,-2.348790500264773,-0.1612832994472253,d3n,1.8949082670972928,-1.2395272853301535
1,synthetic,d3n,1,d15,23.89327520576441,0.4455118746894626,29.047162028746985,-5.1538868229825745,-0.3174187980865089,d3n,1.8949082670972928,-2.7198608568411253
1,synthetic,d3n,1,d2,26.74341138884495,0.6097047925247273,29.047162028746985,-2.3037506399020344,-0.15322588025124417,d3n,1.8949082670972928,-1.2157583983899258
1,synthetic,d3n,1,d3,28.97111514042241,0.7623400147476107,29.047162028746985,-0.0760468883245764,-0.0005906580283607799,d3n,1.8949082670972928,-0.04013222679167921
1,synthetic,d3n,1,d3n,30.942070295844278,0.8427948053034259,29.047162028746985,1.8949082670972928,0.07986413252745439,d3n,1.8949082670972928,1.0
1,synthetic,d3n,2,noop,27.438833283258717,0.6895739920234456,27.438833283258717,0.0,0.0,d3n,1.5737714119136612,0.0
1,synthetic,d3n,2,d0,20.739044671752644,0.25053520311702027,27.438833283258717,-6.699788611506072,-0.43903878890642534,d3n,1.5737714119136612,-4.257154857934114
1,synthetic,d3n,2,d1,25.49723579442557,0.5371420133855421,27.438833283258717,-1.9415974888331462,-0.15243197863790348,d3n,1.5737714119136612,-1.233722683062478
1,synthetic,d3n,2,d15,23.27113908364739,0.3918450131816483,27.438833283258717,-4.167694199611326,-0.2977289788417973,d3n,1.5737714119136612,-2.6482208077115392
1,synthetic,d3n,2,d2,25.654885335931194,0.5516445952416026,27.438833283258717,-1.7839479473275226,-0.13792939678184302,d3n,1.5737714119136612,-1.1335495954639898
1,synthetic,d3n,2,d3,27.236934478831405,0.684146853891057,27.438833283258717,-0.20189880442731223,-0.005427138132388598,d3n,1.5737714119136612,-0.12828979030811663
1,synthetic,d3n,2,d3n,29.012604695172378,0.7691378357838577,27.438833283258717,1.5737714119136612,0.07956384376041215,d3n,1.5737714119136612,1.0
1,synthetic,d3n,3,noop,26.390145817787996,0.6358968406803731,26.390145817787996,0.0,0.0,d3n,1.4168995861716098,0.0
1,synthetic,d3n,3,d0,20.578865799881484,0.2237251766113468,26.390145817787996,-5.811280017906512,-0.4121716640690263,d3n,1.4168995861716098,-4.10140568507631
1,synthetic,d3n,3,d1,24.70937146737542,0.49178486387914333,26.390145817787996,-1.6807743504125767,-0.14411197680122978,d3n,1.4168995861716098,-1.1862339200436518
1,synthetic,d3n,3,d15,22.980588194260577,0.3625003119274764,26.390145817787996,-3.4095576235274194,-0.2733965287528967,d3n,1.4168995861716098,-2.406350920561611
1,synthetic,d3n,3,d2,24.983902560131092,0.5149184860932715,26.390145817787996,-1.4062432576569037,-0.1209783545871016,d3n,1.4168995861716098,-0.9924791222901695
1,synthetic,d3n,3,d3,26.161356061478735,0.6267729677168976,26.390145817787996,-0.22878975630926135,-0.009123872963475499,d3n,1.4168995861716098,-0.16147210327546185
1,synthetic,d3n,3,d3n,27.807045403959606,0.7140289451902461,26.390145817787996,1.4168995861716098,0.07813210450987296,d3n,1.4168995861716098,1.0
1,synthetic,d3n,4,noop,25.678537290510437,0.5996513932355693,25.678537290510437,0.0,0.0,d3n,1.3233877481093437,0.0
1,synthetic,d3n,4,d0,20.429812864563274,0.2074192446260385,25.678537290510437,-5.248724425947163,-0.39223214860953076,d3n,1.3233877481093437,-3.9661274131075697
1,synthetic,d3n,4,d1,24.153082560866093,0.460741995303004,25.678537290510437,-1.5254547296443448,-0.13890939793256524,d3n,1.3233877481093437,-1.152689173542436
1,synthetic,d3n,4,d15,22.809291493769543,0.3478802816303963,25.678537290510437,-2.869245796740895,-0.25177111160517296,d3n,1.3233877481093437,-2.1681066647624925
1,synthetic,d3n,4,d2,24.501273950030548,0.4913358417223317,25.678537290510437,-1.1772633404798896,-0.10831555151323757,d3n,1.3233877481093437,-0.8895830735638783
1,synthetic,d3n,4,d3,25.445870710202787,0.588077003280042,25.678537290510437,-0.23266658030765086,-0.011574389955527287,d3n,1.3233877481093437,-0.17581134526902617
1,synthetic,d3n,4,d3n,27.00192503861978,0.6757670454226189,25.678537290510437,1.3233877481093437,0.07611565218704963,d3n,1.3233877481093437,1.0
1,synthetic,d3n,5,noop,25.145048899225227,0.5744387361365305,25.145048899225227,0.0,0.0,d3n,1.2524403137780133,0.0
1,synthetic,d3n,5,d0,20.26592643361696,0.1954965219985991,25.145048899225227,-4.8791224656082655,-0.3789422141379314,d3n,1.2524403137780133,-3.8956926026201493
1,synthetic,d3n,5,d1,23.72304217360949,0.4384652537072488,25.145048899225227,-1.4220067256157378,-0.1359734824292817,d3n,1.2524403137780133,-1.1353888165147157
1,synthetic,d3n,5,d15,22.62977136280615,0.3384189128938695,25.145048899225227,-2.5152775364190774,-0.23601982324266102,d3n,1.2524403137780133,-2.008301320828366
1,synthetic,d3n,5,d2,24.103250864593075,0.4745884448758593,25.145048899225227,-1.0417980346321514,-0.09985029126067119,d3n,1.2524403137780133,-0.831814516964521
1,synthetic,d3n,5,d3,24.91354459484978,0.561290536388545,25.145048899225227,-0.23150430437544856,-0.013148199747985534,d3n,1.2524403137780133,-0.18484258437602571
1,synthetic,d3n,5,d3n,26.39748921300324,0.6477335463611172,25.145048899225227,1.2524403137780133,0.07329481022458673,d3n,1.2524403137780133,1.0
1,synthetic,d3n,all,noop,26.739945463905872,0.652498326970378,26.739945463905872,0.0,0.0,d3n,1.4922814654139849,0.0
1,synthetic,d3n,all,d0,20.62133215220993,0.23544099562065982,26.739945463905872,-6.118613311695942,-0.41705733134971823,d3n,1.4922814654139849,-4.100173763130223
1,synthetic,d3n,all,d1,24.956220704951757,0.5059562999207369,26.739945463905872,-1.783724758954115,-0.14654202704964114,d3n,1.4922814654139849,-1.1953004847240924
1,synthetic,d3n,all,d15,23.116813068049613,0.37723127886457064,26.739945463905872,-3.62313239585626,-0.2752670481058074,d3n,1.4922814654139849,-2.4279148939581177
1,synthetic,d3n,all,d2,25.19734481990617,0.5284384320915585,26.739945463905872,-1.5426006439997018,-0.12405989487881952,d3n,1.4922814654139849,-1.033719629809754
1,synthetic,d3n,all,d3,26.545764197157023,0.6445254752048304,26.739945463905872,-0.19418126674884917,-0.007972851765547628,d3n,1.4922814654139849,-0.13012375429790646
1,synthetic,d3n,all,d3n,28.232226929319857,0.7298924356122531,26.739945463905872,1.4922814654139849,0.07739410864187513,d3n,1.4922814654139849,1.0
2,synthetic,d0,1,noop,33.193762626827045,0.8539628277754,33.193762626827045,0.0,0.0,d0,6.571502659757371,0.0
2,synthetic,d0,1,d0,39.765265286584416,0.9736382466302791,33.193762626827045,6.571502659757371,0.11967541885487909,d0,6.571502659757371,1.0
2,synthetic,d0,1,d1,40.95223208002081,0.9731841225355444,33.193762626827045,7.758469453193769,0.11922129476014443,d0,6.571502659757371,1.180623345206136
2,synthetic,d0,1,d15,36.49472269622373,0.9427266634462025,33.193762626827045,3.3009600693966874,0.08876383567080248,d0,6.571502659757371,0.5023143473122422
2,synthetic,d0,1,d2,36.236057373548334,0.9394859762930534,33.193762626827045,3.0422947467212893,0.08552314851765341,d0,6.571502659757371,0.46295267676778434
2,synthetic,d0,1,d3,34.84890316528893,0.9110661212603252,33.193762626827045,1.655140538461886,0.057103293484925155,d0,6.571502659757371,0.251866372754842
2,synthetic,d0,1,d3n,33.42271703979779,0.8964566299165359,33.193762626827045,0.2289544129707437,0.04249380214113585,d0,6.571502659757371,0.03484049612774516
2,synthetic,d0,2,noop,30.58534107494802,0.7570829728623512,30.58534107494802,0.0,0.0,d0,6.140434365608321,0.0
2,synthetic,d0,2,d0,36.72577544055634,0.939784749617599,30.58534107494802,6.140434365608321,0.1827017767552478,d0,6.140434365608321,1.0
2,synthetic,d0,2,d1,36.943380215783634,0.9398352821500089,30.58534107494802,6.358039140835615,0.18275230928765773,d0,6.140434365608321,1.0354380101261347
2,synthetic,d0,2,d15,32.370960055427375,0.8400603488269546,30.58534107494802,1.7856189804793559,0.08297737596460342,d0,6.140434365608321,0.290796851519226
2,synthetic,d0,2,d2,32.58103115995166,0.8359932905939264,30.58534107494802,1.9956900850036376,0.0789103177315752,d0,6.140434365608321,0.3250079662411518
2,synthetic,d0,2,d3,31.46372089135255,0.7968042224057963,30.58534107494802,0.8783798164045322,0.039721249543445136,d0,6.140434365608321,0.14304848225790176
2,synthetic,d0,2,d3n,31.052822316129443,0.792627386923687,30.58534107494802,0.4674812411814244,0.035544414061335794,d0,6.140434365608321,0.07613162414042218
2,synthetic,d0,3,noop,29.000632517281833,0.6890476968436734,29.000632517281833,0.0,0.0,d0,5.10517458418725,0.0
2,synthetic,d0,3,d0,34.10580710146908,0.8877911236084682,29.000632517281833,5.10517458418725,0.19874342676479484,d0,5.10517458418725,1.0
2,synthetic,d0,3,d1,34.19173422441796,0.8864812852071484,29.000632517281833,5.191101707136124,0.19743358836347502,d0,5.10517458418725,1.0168313779542475
2,synthetic,d0,3,d15,30.787126097701524,0.7725730413786123,29.000632517281833,1.786493580419691,0.08352534453493887,d0,5.10517458418725,0.34993780348926173
2,synthetic,d0,3,d2,30.993607745282528,0.7695839903192341,29.000632517281833,1.9929752280006952,0.08053629347556068,d0,5.10517458418725,0.39038336400359935
2,synthetic,d0,3,d3,29.550548076002812,0.71251220497447,29.000632517281833,0.5499155587209792,0.02346450813079659,d0,5.10517458418725,0.1077172875584482
2,synthetic,d0,3,d3n,29.295570274675395,0.7115009920991643,29.000632517281833,0.2949377573935621,0.02245329525549089,d0,5.10517458418725,0.05777231562405354
2,synthetic,d0,4,noop,27.931240005672258,0.6455874360657075,27.931240005672258,0.0,0.0,d0,4.449766700816269,0.0
2,synthetic,d0,4,d0,32.38100670648853,0.8378528164558008,27.931240005672258,4.449766700816269,0.19226538039009333,d0,4.449766700816269,1.0
2,synthetic,d0,4,d1,29.994158347582033,0.7382174718268041,27.931240005672258,2.062918341909775,0.09263003576109663,d0,4.449766700816269,0.4636014606184525
2,synthetic,d0,4,d15,29.62341901806039,0.7151878046513723,27.931240005672258,1.6921790123881308,0.06960036858566487,d0,4.449766700816269,0.38028488371709823
2,synthetic,d0,4,d2,29.81605062439968,0.7160694316743126,27.931240005672258,1.8848106187274212,0.07048199560860513,d0,4.449766700816269,0.42357515471129525
2,synthetic,d0,4,d3,28.288012146748287,0.6595513638518226,27.931240005672258,0.3567721410760285,0.013963927786115105,d0,4.449766700816269,0.08017771830837377
2,synthetic,d0,4,d3n,28.079316428815815,0.6591467045562368,27.931240005672258,0.14807642314355718,0.013559268490529353,d0,4.449766700816269,0.03327734533057517
2,synthetic,d0,5,noop,27.140894081402273,0.6171425798493372,27.140894081402273,0.0,0.0,d0,3.931798625104303,0.0
2,synthetic,d0,5,d0,31.072692706506576,0.7795549400507564,27.140894081402273,3.931798625104303,0.16241236020141925,d0,3.931798625104303,1.0
2,synthetic,d0,5,d1,28.044251945567243,0.6544601597864304,27.140894081402273,0.9033578641649704,0.03731757993709317,d0,3.931798625104303,0.22975690016194714
2,synthetic,d0,5,d15,28.492681689911606,0.6676015907316141,27.140894081402273,1.3517876085093334,0.05045901088227689,d0,3.931798625104303,0.3438089631239629
2,synthetic,d0,5,d2,28.69134808213498,0.671466022592755,27.140894081402273,1.5504540007327066,0.05432344274341783,d0,3.931798625104303,0.3943370829912674
2,synthetic,d0,5,d3,27.3712608491423,0.6258035181609678,27.140894081402273,0.2303667677400263,0.008660938311630617,d0,3.931798625104303,0.058590683222977905
2,synthetic,d0,5,d3n,27.184710664704372,0.6255685202644464,27.140894081402273,0.04381658330209959,0.008425940415109245,d0,3.931798625104303,0.011144157542131806
2,synthetic,d0,all,noop,29.570374061226286,0.7125647026792938,29.570374061226286,0.0,0.0,d0,5.239735387094701,0.0
2,synthetic,d0,all,d0,34.810109448320986,0.8837243752725807,29.570374061226286,5.239735387094701,0.1711596725932869,d0,5.239735387094701,1.0
2,synthetic,d0,all,d1,34.025151362674336,0.8384356643011872,29.570374061226286,4.4547773014480505,0.12587096162189337,d0,5.239735387094701,0.8501912734791958
2,synthetic,d0,all,d15,31.553781911464924,0.7876298898069511,29.570374061226286,1.9834078502386383,0.0750651871276573,d0,5.239735387094701,0.3785320638755361
2,synthetic,d0,all,d2,31.663618997063434,0.7865197422946563,29.570374061226286,2.0932449358371485,0.07395503961536243,d0,5.239735387094701,0.399494398322622
2,synthetic,d0,all,d3,30.304489025706975,0.7411474861306764,29.570374061226286,0.734114964480689,0.028582783451382543,d0,5.239735387094701,0.14010535079477304
2,synthetic,d0,all,d3n,29.80702734482456,0.7370600467520141,29.570374061226286,0.23665328359827598,0.02449534407272025,d0,5.239735387094701,0.04516512115881756
2,synthetic,d1,1,noop,34.37934485959335,0.8983563059428488,34.37934485959335,0.0,0.0,d1,2.6225994640224997,0.0
2,synthetic,d1,1,d0,30.808321222296343,0.8636363730744017,34.37934485959335,-3.57102363729701,-0.0347199328684471,d1,2.6225994640224997,-1.3616351586604205
2,synthetic,d1,1,d1,37.00194432361585,0.9548042635514703,34.37934485959335,2.6225994640224997,0.056447957608621535,d1,2.6225994640224997,1.0
2,synthetic,d1,1,d15,35.23647211101693,0.9489337263196846,34.37934485959335,0.8571272514235773,0.05057742037683588,d1,2.6225994640224997,0.32682354403784164
2,synthetic,d1,1,d2,34.911704434676906,0.9477922034487478,34.37934485959335,0.5323595750835537,0.04943589750589905,d1,2.6225994640224997,0.20298927929582863
2,synthetic,d1,1,d3,34.48388648843542,0.9311231222622831,34.37934485959335,0.10454162884206397,0.032766816319434344,d1,2.6225994640224997,0.039861835661980864
2,synthetic,d1,1,d3n,32.54726514073045,0.9115248546410055,34.37934485959335,-1.8320797188629,0.013168548698156757,d1,2.6225994640224997,-0.6985739698325442
2,synthetic,d1,2,noop,32.67496009701294,0.8458906221109936,32.67496009701294,0.0,0.0,d1,3.6889545041294767,0.0
2,synthetic,d1,2,d0,35.38709223321906,0.9401729449755709,32.67496009701294,2.7121321362061153,0.09428232286457727,d1,3.6889545041294767,0.7352034656892921
2,synthetic,d1,2,d1,36.36391460114242,0.9447064191466765,32.67496009701294,3.6889545041294767,0.09881579703568288,d1,3.6889545041294767,1.0
2,synthetic,d1,2,d15,34.65372958868322,0.9238382054550547,32.67496009701294,1.9787694916702776,0.07794758334406104,d1,3.6889545041294767,0.5364038752592938
2,synthetic,d1,2,d2,34.48926111642184,0.9214693633883212,32.67496009701294,1.8143010194088944,0.07557874127732755,d1,3.6889545041294767,0.49181984146942875
2,synthetic,d1,2,d3,33.72127720685072,0.8970969367195183,32.67496009701294,1.04631710983778,0.05120631460852465,d1,3.6889545041294767,0.28363513528467627
2,synthetic,d1,2,d3n,32.52033678153311,0.8840904382640767,32.67496009701294,-0.15462331547983155,0.0381998161530831,d1,3.6889545041294767,-0.04191521345864896
2,synthetic,d1,3,noop,30.894490275674023,0.7748359337211215,30.894490275674023,0.0,0.0,d1,4.334853674122982,0.0
2,synthetic,d1,3,d0,34.9600642094142,0.9273101205669099,30.894490275674023,4.0655739337401755,0.1524741868457884,d1,4.334853674122982,0.9378803160092164
2,synthetic,d1,3,d1,35.229343949797006,0.928632514286489,30.894490275674023,4.334853674122982,0.1537965805653675,d1,4.334853674122982,1.0
2,synthetic,d1,3,d15,32.400109849849215,0.8524954789681054,30.894490275674023,1.505619574175192,0.07765954524698393,d1,4.334853674122982,0.34732881138826577
2,synthetic,d1,3,d2,32.520848563467396,0.8486416993118787,30.894490275674023,1.6263582877933729,0.07380576559075724,d1,4.334853674122982,0.3751818192853797
2,synthetic,d1,3,d3,31.734265190088692,0.8176826863865337,30.894490275674023,0.8397749144146687,0.04284675266541227,d1,4.334853674122982,0.19372624257831955
2,synthetic,d1,3,d3n,31.238824082495462,0.812005330998573,30.894490275674023,0.34433380682143877,0.0371693972774515,d1,4.334853674122982,0.07943377855565185
2,synthetic,d1,4,noop,29.555017341649588,0.7152391380953117,29.555017341649588,0.0,0.0,d1,4.267340538132359,0.0
2,synthetic,d1,4,d0,33.73535769108875,0.8963132103004366,29.555017341649588,4.180340349439163,0.18107407220512495,d1,4.267340538132359,0.9796125507407308
2,synthetic,d1,4,d1,33.82235787978195,0.8961060158299728,29.555017341649588,4.267340538132359,0.18086687773466115,d1,4.267340538132359,1.0
2,synthetic,d1,4,d15,31.056264751953698,0.7967802192067877,29.555017341649588,1.50124741030411,0.08154108111147595,d1,4.267340538132359,0.3517992990925315
2,synthetic,d1,4,d2,31.295546179041615,0.7937517123910742,29.555017341649588,1.7405288373920271,0.07851257429576253,d1,4.267340538132359,0.40787202751664753
2,synthetic,d1,4,d3,30.173587212002893,0.74459305369798,29.555017341649588,0.6185698703533049,0.029353915602668312,d1,4.267340538132359,0.14495441946239138
2,synthetic,d1,4,d3n,29.882207992267162,0.7428380017017535,29.555017341649588,0.3271906506175739,0.027598863606441815,d1,4.267340538132359,0.07667319907887453
2,synthetic,d1,5,noop,28.558297969836026,0.6715637728725801,28.558297969836026,0.0,0.0,d1,4.019997072533258,0.0
2,synthetic,d1,5,d0,32.62824856879006,0.8610452492863919,28.558297969836026,4.069950598954037,0.18948147641381186,d1,4.019997072533258,1.0124262594025473
2,synthetic,d1,5,d1,32.578295042369284,0.850131735614208,28.558297969836026,4.019997072533258,0.1785679627416279,d1,4.019997072533258,1.0
2,synthetic,d1,5,d15,30.199401436210238,0.7497593740678169,28.558297969836026,1.6411034663742115,0.07819560119523683,d1,4.019997072533258,0.4082349904150669
2,synthetic,d1,5,d2,30.36729143921758,0.7478705550555332,28.558297969836026,1.808993469381555,0.07630678218295317,d1,4.019997072533258,0.44999870316860513
2,synthetic,d1,5,d3,29.0104755956802,0.6909863305819426,28.558297969836026,0.4521776258441754,0.01942255770936252,d1,4.019997072533258,0.11248207839097488
2,synthetic,d1,5,d3n,28.77597969538729,0.6903001117720291,28.558297969836026,0.21768172555126242,0.018736338899449034,d1,4.019997072533258,0.054149722406162656
2,synthetic,d1,all,noop,31.212422108753188,0.7811771545485712,31.212422108753188,0.0,0.0,d1,3.7867490505881136,0.0
2,synthetic,d1,all,d0,33.503816784961685,0.8976955796407422,31.212422108753188,2.2913946762084976,0.11651842509217103,d1,3.7867490505881136,0.6051086685695808
2,synthetic,d1,all,d1,34.9991711593413,0.9148761896857633,31.212422108753188,3.7867490505881136,0.13369903513719217,d1,3.7867490505881136,1.0
2,synthetic,d1,all,d15,32.70919554754266,0.8543614008034899,31.212422108753188,1.496773438789475,0.0731842462549187,d1,3.7867490505881136,0.3952660762024919
2,synthetic,d1,all,d2,32.716930346565064,0.851905106719111,31.212422108753188,1.5045082378118764,0.07072795217053984,d1,3.7867490505881136,0.39730867235002376
2,synthetic,d1,all,d3,31.824698338611586,0.8162964259296516,31.212422108753188,0.6122762298583986,0.0351192713810804,d1,3.7867490505881136,0.161689148575427
2,synthetic,d1,all,d3n,30.992922738482694,0.8081517474754876,31.212422108753188,-0.21949937027049415,0.026974592926916396,d1,3.7867490505881136,-0.05796512188638539
2,synthetic,d15,1,noop,32.92637207980447,0.8671558205454563,32.92637207980447,0.0,0.0,d15,4.1440782088517025,0.0
2,synthetic,d15,1,d0,32.277828695807656,0.8912626662612521,32.92637207980447,-0.6485433839968167,0.0241068457157958,d15,4.1440782088517025,-0.15649882828261677
2,synthetic,d15,1,d1,36.068382920815914,0.9474162003132099,32.92637207980447,3.142010841011441,0.08026037976775369,d15,4.1440782088517025,0.7581929400608662
2,synthetic,d15,1,d15,37.070450288656176,0.9583192994337126,32.92637207980447,4.1440782088517025,0.09116347888825638,d15,4.1440782088517025,1.0
2,synthetic,d15,1,d2,36.64392146258287,0.9559335828051321,32.92637207980447,3.717549382778394,0.08877776225967582,d15,4.1440782088517025,0.8970751022115732
2,synthetic,d15,1,d3,34.849413098975525,0.9247585795854739,32.92637207980447,1.9230410191710519,0.05760275904001766,d15,4.1440782088517025,0.4640455421578335
2,synthetic,d15,1,d3n,33.30481616561961,0.9072087125767004,32.92637207980447,0.3784440858151399,0.04005289203124418,d15,4.1440782088517025,0.09132165628698506
2,synthetic,d15,2,noop,32.13771567062593,0.8425724434348899,32.13771567062593,0.0,0.0,d15,4.319601704951182,0.0
2,synthetic,d15,2,d0,32.47430843371181,0.8936775752412321,32.13771567062593,0.33659276308588204,0.05110513180634224,d15,4.319601704951182,0.0779221757182092
2,synthetic,d15,2,d1,34.73172990969089,0.9252987087948221,32.13771567062593,2.594014239064961,0.08272626535993222,d15,4.319601704951182,0.6005216258924218
2,synthetic,d15,2,d15,36.45731737557711,0.9500947945274657,32.13771567062593,4.319601704951182,0.1075223510925758,d15,4.319601704951182,1.0
2,synthetic,d15,2,d2,36.10839536102725,0.9468811546357025,32.13771567062593,3.970679690401319,0.10430871120081264,d15,4.319601704951182,0.9192235677308108
2,synthetic,d15,2,d3,33.96822963589234,0.9030324332087253,32.13771567062593,1.8305139652664124,0.060459989773835376,d15,4.319601704951182,0.4237691551904552
2,synthetic,d15,2,d3n,32.834850875424664,0.8883880013423346,32.13771567062593,0.6971352047987338,0.04581555790744474,d15,4.319601704951182,0.16138876970987132
2,synthetic,d15,3,noop,31.31987776617489,0.8118434739868405,31.31987776617489,0.0,0.0,d15,4.053556967005484,0.0
2,synthetic,d15,3,d0,31.944872619736362,0.8722226435582683,31.31987776617489,0.6249948535614713,0.06037916957142775,d15,4.053556967005484,0.15418430249006188
2,synthetic,d15,3,d1,33.21529171401906,0.8861280383050721,31.31987776617489,1.895413947844169,0.0742845643182316,d15,4.053556967005484,0.46759277426521106
2,synthetic,d15,3,d15,35.373434733180375,0.930026802658475,31.31987776617489,4.053556967005484,0.1181833286716345,d15,4.053556967005484,1.0
2,synthetic,d15,3,d2,35.02003666515082,0.9240768815318183,31.31987776617489,3.7001588989759284,0.11223340754497779,d15,4.053556967005484,0.9128177867226017
2,synthetic,d15,3,d3,32.83194984077848,0.8683306351318046,31.31987776617489,1.5120720746035872,0.056487161144964104,d15,4.053556967005484,0.3730235166080846
2,synthetic,d15,3,d3n,32.04524513674454,0.857738957813648,31.31987776617489,0.72536737056965,0.045895483826807415,d15,4.053556967005484,0.17894589282299053
2,synthetic,d15,4,noop,30.55511844509644,0.7807832292267974,30.55511844509644,0.0,0.0,d15,3.500225561079283,0.0
2,synthetic,d15,4,d0,31.00784988063042,0.8332804403198717,30.55511844509644,0.45273143553398043,0.05249721109307426,d15,3.500225561079283,0.12934350304966694
2,synthetic,d15,4,d1,31.844473442650738,0.8412250193211954,30.55511844509644,1.2893549975542982,0.060441790094397985,d15,3.500225561079283,0.36836340260218253
2,synthetic,d15,4,d15,34.05534400617572,0.8984370306833809,30.55511844509644,3.500225561079283,0.11765380145658344,d15,3.500225561079283,1.0
2,synthetic,d15,4,d2,33.77236150159522,0.8919591483291885,30.55511844509644,3.2172430564987806,0.11117591910239111,d15,3.500225561079283,0.9191530660974758
2,synthetic,d15,4,d3,31.742746896519908,0.8300745152839473,30.55511844509644,1.1876284514234676,0.04929128605714983,d15,3.500225561079283,0.33930054812160915
2,synthetic,d15,4,d3n,31.199909262321366,0.8230786471663506,30.55511844509644,0.6447908172249264,0.04229541793955316,d15,3.500225561079283,0.18421407591404118
2,synthetic,d15,5,noop,29.8859477570583,0.7517399911687408,29.8859477570583,0.0,0.0,d15,2.9189317466843328,0.0
2,synthetic,d15,5,d0,30.093760813144453,0.7900634775181331,29.8859477570583,0.20781305608615241,0.03832348634939231,d15,2.9189317466843328,0.07119490077909874
2,synthetic,d15,5,d1,30.733199715771025,0.7979294699990134,29.8859477570583,0.8472519587127252,0.04618947883027258,d15,2.9189317466843328,0.29026096950541375
2,synthetic,d15,5,d15,32.80487950374263,0.8613196701818788,29.8859477570583,2.9189317466843328,0.10957967901313803,d15,2.9189317466843328,1.0
2,synthetic,d15,5,d2,32.59961100582785,0.855768942365624,29.8859477570583,2.713663248769553,0.10402895119688316,d15,2.9189317466843328,0.9296768421707879
2,synthetic,d15,5,d3,30.81040329301861,0.7933927173345862,29.8859477570583,0.924455535960309,0.041652726165845366,d15,2.9189317466843328,0.31671022695560275
2,synthetic,d15,5,d3n,30.414368855650995,0.789208160719961,29.8859477570583,0.5284210985926947,0.03746816955122023,d15,2.9189317466843328,0.1810323585650599
2,synthetic,d15,all,noop,31.365006343752007,0.810818991672545,31.365006343752007,0.0,0.0,d15,3.787278837714396,0.0
2,synthetic,d15,all,d0,31.559724088606142,0.8561013605797515,31.365006343752007,0.19471774485413462,0.045282368907206494,d15,3.787278837714396,0.051413627883719754
2,synthetic,d15,all,d1,33.318615540589526,0.8795994873466626,31.365006343752007,1.9536091968375189,0.06878049567411759,d15,3.787278837714396,0.515834529367928
2,synthetic,d15,all,d15,35.152285181466404,0.9196395194969826,31.365006343752007,3.787278837714396,0.10882052782443763,d15,3.787278837714396,1.0
2,synthetic,d15,all,d2,34.8288651992368,0.9149239419334931,31.365006343752007,3.463858855484794,0.10410495026094813,d15,3.787278837714396,0.914603599024997
2,synthetic,d15,all,d3,32.840548553036975,0.8639177761089074,31.365006343752007,1.475542209284967,0.0530987844363624,d15,3.787278837714396,0.38960485153383884
2,synthetic,d15,all,d3n,31.959838059152236,0.853124495923799,31.365006343752007,0.5948317154002289,0.04230550425125401,d15,3.787278837714396,0.15706044917442807
2,synthetic,d2,1,noop,32.743725222735335,0.86229739895449,32.743725222735335,0.0,0.0,d2,3.9546855743838023,0.0
2,synthetic,d2,1,d0,32.29737238780993,0.8911650943588203,32.743725222735335,-0.4463528349254062,0.028867695404330318,d2,3.9546855743838023,-0.11286683265456686
2,synthetic,d2,1,d1,35.79149917924908,0.944233300450822,32.743725222735335,3.047773956513744,0.08193590149633201,d2,3.9546855743838023,0.7706741532766817
2,synthetic,d2,1,d15,37.096511447530396,0.9579187121525616,32.743725222735335,4.352786224795061,0.09562131319807166,d2,3.9546855743838023,1.1006655631461393
2,synthetic,d2,1,d2,36.69841079711914,0.9557853551649711,32.743725222735335,3.9546855743838023,0.09348795621048112,d2,3.9546855743838023,1.0
2,synthetic,d2,1,d3,34.742187480299684,0.9218788762719419,32.743725222735335,1.9984622575643485,0.05958147731745189,d2,3.9546855743838023,0.5053403665032808
2,synthetic,d2,1,d3n,33.270611685811076,0.9045251038376714,32.743725222735335,0.5268864630757406,0.042227704883181394,d2,3.9546855743838023,0.13323093661063995
2,synthetic,d2,2,noop,31.6458479511458,0.8264811009532409,31.6458479511458,0.0,0.0,d2,4.303622630840177,0.0
2,synthetic,d2,2,d0,32.183457415585224,0.8854843805541455,31.6458479511458,0.5376094644394236,0.05900327960090457,d2,4.303622630840177,0.12492021502695473
2,synthetic,d2,2,d1,33.8782185349442,0.9086263038127075,31.6458479511458,2.232370583798403,0.08214520285946658,d2,4.303622630840177,0.5187189433852817
2,synthetic,d2,2,d15,36.12285163664482,0.9438918310487774,31.6458479511458,4.477003685499017,0.11741073009553649,d2,4.303622630840177,1.040287234623309
2,synthetic,d2,2,d2,35.94947058198598,0.9429511768157494,31.6458479511458,4.303622630840177,0.11647007586250846,d2,4.303622630840177,1.0
2,synthetic,d2,2,d3,33.42458295580367,0.8873037163136711,31.6458479511458,1.7787350046578716,0.06082261536043021,d2,4.303622630840177,0.4133111002603444
2,synthetic,d2,2,d3n,32.476264083217565,0.8733591064153143,31.6458479511458,0.8304161320717647,0.046878005462073435,d2,4.303622630840177,0.19295746939355746
2,synthetic,d2,3,noop,30.54811350343373,0.7820967035450286,30.54811350343373,0.0,0.0,d2,3.912281161921687,0.0
2,synthetic,d2,3,d0,31.120943736940482,0.8436714277091161,30.54811350343373,0.5728302335067532,0.06157472416408749,d2,3.912281161921687,0.1464184729569341
2,synthetic,d2,3,d1,31.91990339592589,0.8490996026817902,30.54811350343373,1.3717898924921599,0.0670028991367616,d2,3.912281161921687,0.35063683710767496
2,synthetic,d2,3,d15,34.35880080997664,0.9054972056589776,30.54811350343373,3.8106873065429134,0.12340050211394904,d2,3.912281161921687,0.9740320669261738
2,synthetic,d2,3,d2,34.460394665355416,0.9093060429373258,30.54811350343373,3.912281161921687,0.12720933939229717,d2,3.912281161921687,1.0
2,synthetic,d2,3,d3,31.836363806388746,0.8335284187029085,30.54811350343373,1.2882503029550172,0.05143171515787992,d2,3.912281161921687,0.329283670993175
2,synthetic,d2,3,d3n,31.256282567664492,0.8235666432000801,30.54811350343373,0.7081690642307628,0.041469939655051524,d2,3.912281161921687,0.18101180230178415
2,synthetic,d2,4,noop,29.58442146086357,0.7388489086142448,29.58442146086357,0.0,0.0,d2,3.2238617093798148,0.0
2,synthetic,d2,4,d0,29.79402589699472,0.7822524197530788,29.58442146086357,0.20960443613115132,0.043403511138834006,d2,3.2238617093798148,0.06501657174726444
2,synthetic,d2,4,d1,30.32691242486658,0.7858265792780464,29.58442146086357,0.7424909640030108,0.04697767066380165,d2,3.2238617093798148,0.23031104648277434
2,synthetic,d2,4,d15,32.44433063327986,0.8475543570300748,29.58442146086357,2.859909172416291,0.10870544841582996,d2,3.2238617093798148,0.8871066535190995
2,synthetic,d2,4,d2,32.808283170243385,0.8605255414041835,29.58442146086357,3.2238617093798148,0.12167663278993868,d2,3.2238617093798148,1.0
2,synthetic,d2,4,d3,30.47179199075475,0.7783829630022877,29.58442146086357,0.8873705298911787,0.039534054388042916,d2,3.2238617093798148,0.2752508047443155
2,synthetic,d2,4,d3n,30.101937669386885,0.771971412964445,29.58442146086357,0.5175162085233147,0.033122504350200255,d2,3.2238617093798148,0.1605268014498274
2,synthetic,d2,5,noop,28.79193994889237,0.7012572708693573,28.79193994889237,0.0,0.0,d2,2.5254307008125423,0.0
2,synthetic,d2,5,d0,28.679969773628343,0.7222428594199075,28.79193994889237,-0.11197017526402675,0.020985588550550216,d2,2.5254307008125423,-0.044337061091401564
2,synthetic,d2,5,d1,29.14805257465918,0.7306835797932786,28.79193994889237,0.3561126257668086,0.029426308923921285,d2,2.5254307008125423,0.1410106504416183
2,synthetic,d2,5,d15,30.797866320542887,0.7853490905499549,28.79193994889237,2.005926371650517,0.08409181968059765,d2,2.5254307008125423,0.7942907999831958
2,synthetic,d2,5,d2,31.317370649704912,0.80596425348989,28.79193994889237,2.5254307008125423,0.10470698262053268,d2,2.5254307008125423,1.0
2,synthetic,d2,5,d3,29.397856469669254,0.7302019695105127,28.79193994889237,0.6059165207768835,0.028944698641155453,d2,2.5254307008125423,0.23992601364271587
2,synthetic,d2,5,d3n,29.1443107073072,0.726914421551874,28.79193994889237,0.35237075841482834,0.025657150682516727,d2,2.5254307008125423,0.13952897551354512
2,synthetic,d2,all,noop,30.662809617414162,0.7821962765872723,30.662809617414162,0.0,0.0,d2,3.5839763554676054,0.0
2,synthetic,d2,all,d0,30.81515384219174,0.8249632363590136,30.662809617414162,0.15234422477757903,0.042766959771741275,d2,3.5839763554676054,0.042507039574959056
2,synthetic,d2,all,d1,32.21291722192898,0.8436938732033289,30.662809617414162,1.550107604514821,0.06149759661605658,d2,3.5839763554676054,0.4325105555314348
2,synthetic,d2,all,d15,34.164072169594924,0.8880422392880692,30.662809617414162,3.501262552180762,0.10584596270079694,d2,3.5839763554676054,0.9769212195943598
2,synthetic,d2,all,d2,34.24678597288177,0.894906473962424,30.662809617414162,3.5839763554676054,0.11271019737515164,d2,3.5839763554676054,1.0
2,synthetic,d2,all,d3,31.974556540583222,0.8302591887602644,30.662809617414162,1.3117469231690606,0.04806291217299208,d2,3.5839763554676054,0.3660032302299928
2,synthetic,d2,all,d3n,31.249881342677444,0.820067337593877,30.662809617414162,0.5870717252632822,0.037871061006604645,d2,3.5839763554676054,0.163804575431326
2,synthetic,d3,1,noop,31.014234962642472,0.817028302329247,31.014234962642472,0.0,0.0,d3,0.5598245669082864,0.0
2,synthetic,d3,1,d0,28.425580519018038,0.7678273987042512,31.014234962642472,-2.588654443624435,-0.04920090362499574,d3,0.5598245669082864,-4.624045811209501
2,synthetic,d3,1,d1,30.995584943887774,0.8451785736800359,31.014234962642472,-0.018650018754698294,0.028150271350788958,d3,0.5598245669082864,-0.03331404132136567
2,synthetic,d3,1,d15,30.677950767732003,0.8500178110487584,31.014234962642472,-0.3362841949104691,0.03298950871951145,d3,0.5598245669082864,-0.6006956728741794
2,synthetic,d3,1,d2,30.580839749546676,0.8507795610730077,31.014234962642472,-0.4333952130957961,0.033751258743760726,d3,0.5598245669082864,-0.7741625479018989
2,synthetic,d3,1,d3,31.57405952955076,0.8617239390012804,31.014234962642472,0.5598245669082864,0.04469563667203347,d3,0.5598245669082864,1.0
2,synthetic,d3,1,d3n,30.67545799255371,0.8504761975807763,31.014234962642472,-0.3387769700887624,0.03344789525152936,d3,0.5598245669082864,-0.6051484520583084
2,synthetic,d3,2,noop,29.02780592206498,0.7407685823451745,29.02780592206498,0.0,0.0,d3,0.4135543739068126,0.0
2,synthetic,d3,2,d0,26.815780664721565,0.6709760097690591,29.02780592206498,-2.2120252573434165,-0.06979257257611537,d3,0.4135543739068126,-5.348813594804001
2,synthetic,d3,2,d1,28.550384488710215,0.7423795806829918,29.02780592206498,-0.47742143335476683,0.0016109983378173043,d3,0.4135543739068126,-1.1544344915146407
2,synthetic,d3,2,d15,28.080331687927245,0.743500223579541,29.02780592206498,-0.9474742341377365,0.002731641234366533,d3,0.4135543739068126,-2.2910511746908364
2,synthetic,d3,2,d2,27.990525464519088,0.7444071840680261,29.02780592206498,-1.0372804575458936,0.0036386017228515755,d3,0.4135543739068126,-2.5082081655836315
2,synthetic,d3,2,d3,29.441360295971794,0.7850548033675118,29.02780592206498,0.4135543739068126,0.04428622102233726,d3,0.4135543739068126,1.0
2,synthetic,d3,2,d3n,28.703190377284663,0.7727833076458022,29.02780592206498,-0.3246155447803183,0.032014725300627656,d3,0.4135543739068126,-0.7849404220144093
2,synthetic,d3,3,noop,27.794448472860275,0.6854630748402905,27.794448472860275,0.0,0.0,d3,0.4233135252043674,0.0
2,synthetic,d3,3,d0,26.13783323189462,0.6222723329857761,27.794448472860275,-1.6566152409656532,-0.06319074185451434,d3,0.4233135252043674,-3.9134474622937505
2,synthetic,d3,3,d1,27.3680240905117,0.680283136369197,27.794448472860275,-0.42642438234857494,-0.005179938471093437,d3,0.4233135252043674,-1.0073488253008351
2,synthetic,d3,3,d15,26.900245500663075,0.6779629147864283,27.794448472860275,-0.8942029721971991,-0.007500160053862115,d3,0.4233135252043674,-2.1123893260095947
2,synthetic,d3,3,d2,26.770151358053717,0.6774945715769356,27.794448472860275,-1.0242971148065578,-0.007968503263354854,d3,0.4233135252043674,-2.4197127042232998
2,synthetic,d3,3,d3,28.217761998064642,0.7288699743655366,27.794448472860275,0.4233135252043674,0.04340689952524612,d3,0.4233135252043674,1.0
2,synthetic,d3,3,d3n,27.460977034053894,0.7150855290553939,27.794448472860275,-0.33347143880638086,0.029622454215103455,d3,0.4233135252043674,-0.7877646683870718
2,synthetic,d3,4,noop,26.960833472310096,0.6479660511408614,26.960833472310096,0.0,0.0,d3,0.4134105838184645,0.0
2,synthetic,d3,4,d0,25.651643590792805,0.5913033805885505,26.960833472310096,-1.309189881517291,-0.05666267055231089,d3,0.4134105838184645,-3.1668030107622456
2,synthetic,d3,4,d1,26.602130225812886,0.6410301750618527,26.960833472310096,-0.3587032464972104,-0.006935876079008696,d3,0.4134105838184645,-0.8676682710540449
2,synthetic,d3,4,d15,26.20031690373667,0.6363609690845292,26.960833472310096,-0.7605165685734256,-0.01160508205633215,d3,0.4134105838184645,-1.8396156226793197
2,synthetic,d3,4,d2,26.037856074051117,0.6352298798919284,26.960833472310096,-0.9229773982589791,-0.012736171248933004,d3,0.4134105838184645,-2.2325925711284493
2,synthetic,d3,4,d3,27.37424405612856,0.6876700435417918,26.960833472310096,0.4134105838184645,0.03970399240093048,d3,0.4134105838184645,1.0
2,synthetic,d3,4,d3n,26.625269391234493,0.67497994998811,26.960833472310096,-0.33556408107560287,0.027013898847248585,d3,0.4134105838184645,-0.8116968800754135
2,synthetic,d3,5,noop,26.344981736196598,0.6220045849051274,26.344981736196598,0.0,0.0,d3,0.36222466983705814,0.0
2,synthetic,d3,5,d0,25.219133717353355,0.5670937030863874,26.344981736196598,-1.125848018843243,-0.05491088181874004,d3,0.36222466983705814,-3.108148374735742
2,synthetic,d3,5,d1,26.029495509331216,0.6142037565866266,26.344981736196598,-0.3154862268653815,-0.007800828318500819,d3,0.36222466983705814,-0.8709683606235288
2,synthetic,d3,5,d15,25.6826982007452,0.6069682175424737,26.344981736196598,-0.6622835354513974,-0.01503636736265379,d3,0.36222466983705814,-1.828377773798004
2,synthetic,d3,5,d2,25.521082449541407,0.6086662508379406,26.344981736196598,-0.8238992866551911,-0.013338334067186874,d3,0.36222466983705814,-2.274553213136507
2,synthetic,d3,5,d3,26.707206406033656,0.6559625279035927,26.344981736196598,0.36222466983705814,0.03395794299846522,d3,0.36222466983705814,1.0
2,synthetic,d3,5,d3n,26.037713051021377,0.6457608728943296,26.344981736196598,-0.3072686851752202,0.02375628798920215,d3,0.36222466983705814,-0.848282049131112
2,synthetic,d3,all,noop,28.228460913214885,0.7026461191121401,28.228460913214885,0.0,0.0,d3,0.4344655439349978,0.0
2,synthetic,d3,all,d0,26.449994344756078,0.6438945650268049,28.228460913214885,-1.778466568458807,-0.05875155408533528,d3,0.4344655439349978,-4.093458257589446
2,synthetic,d3,all,d1,27.909123851650758,0.7046150444761409,28.228460913214885,-0.3193370615641271,0.0019689253640007287,d3,0.4344655439349978,-0.7350112477778087
2,synthetic,d3,all,d15,27.50830861216084,0.7029620272083461,28.228460913214885,-0.7201523010540463,0.0003159080962059635,d3,0.4344655439349978,-1.6575590656316608
2,synthetic,d3,all,d2,27.3800910191424,0.7033154894895677,28.228460913214885,-0.8483698940724835,0.0006693703774275361,d3,0.4344655439349978,-1.9526747423713113
2,synthetic,d3,all,d3,28.662926457149883,0.7438562576359427,28.228460913214885,0.4344655439349978,0.04121013852380251,d3,0.4344655439349978,1.0
2,synthetic,d3,all,d3n,27.90052156922963,0.7318171714328824,28.228460913214885,-0.3279393439852569,0.02917105232074224,d3,0.4344655439349978,-0.754810936248425
2,synthetic,d3n,1,noop,28.86955942771804,0.7587964681336578,28.86955942771804,0.0,0.0,d3n,1.8689225095650421,0.0
2,synthetic,d3n,1,d0,20.933046353299854,0.30230300662575615,28.86955942771804,-7.936513074418187,-0.4564934615079016,d3n,1.8689225095650421,-4.246571505131728
2,synthetic,d3n,1,d1,26.029339762763797,0.5661134610860281,28.86955942771804,-2.840219664954244,-0.19268300704762964,d3n,1.8689225095650421,-1.5197096992615566
2,synthetic,d3n,1,d15,22.956875487851423,0.3955833823650096,28.86955942771804,-5.912683939866618,-0.36321308576864814,d3n,1.8689225095650421,-3.1636859792772722
2,synthetic,d3n,1,d2,25.135160966792576,0.5180254801730035,28.86955942771804,-3.7343984609254655,-0.24077098796065421,d3n,1.8689225095650421,-1.998155858155178
2,synthetic,d3n,1,d3,28.83641054126578,0.7765001006809199,28.86955942771804,-0.033148886452259774,0.01770363254726215,d3n,1.8689225095650421,-0.017736897213557867
2,synthetic,d3n,1,d3n,30.738481937283083,0.8385083322905599,28.86955942771804,1.8689225095650421,0.07971186415690212,d3n,1.8689225095650421,1.0
2,synthetic,d3n,2,noop,27.261131444044516,0.6846187504972091,27.261131444044516,0.0,0.0,d3n,1.5607004493391017,0.0
2,synthetic,d3n,2,d0,20.574641468603286,0.252231167958341,27.261131444044516,-6.68648997544123,-0.4323875825388681,d3n,1.5607004493391017,-4.284287851824934
2,synthetic,d3n,2,d1,24.88354378749507,0.5010588750837834,27.261131444044516,-2.3775876565494443,-0.18355987541342567,d3n,1.5607004493391017,-1.5234106311408213
2,synthetic,d3n,2,d15,22.152899994648678,0.32943979799887385,27.261131444044516,-5.108231449395838,-0.35517895249833525,d3n,1.5607004493391017,-3.2730377258230323
2,synthetic,d3n,2,d2,24.144477325940915,0.4542362952330303,27.261131444044516,-3.1166541181036003,-0.23038245526417883,d3n,1.5607004493391017,-1.9969585575652182
2,synthetic,d3n,2,d3,27.192430522721697,0.7015934054252687,27.261131444044516,-0.06870092132281869,0.016974654928059607,d3n,1.5607004493391017,-0.04401928720653022
2,synthetic,d3n,2,d3n,28.821831893383617,0.7641442770325522,27.261131444044516,1.5607004493391017,0.07952552653534306,d3n,1.5607004493391017,1.0
2,synthetic,d3n,3,noop,26.230052050200985,0.6308399755448243,26.230052050200985,0.0,0.0,d3n,1.423520977038173,0.0
2,synthetic,d3n,3,d0,20.42454074232791,0.22543065905798348,26.230052050200985,-5.805511307873076,-0.4054093164868408,d3n,1.423520977038173,-4.078275909886641
2,synthetic,d3n,3,d1,24.137925836804886,0.45567505385954055,26.230052050200985,-2.0921262133960994,-0.17516492168528375,d3n,1.423520977038173,-1.4696841473660962
2,synthetic,d3n,3,d15,21.713253782030563,0.2881434873138235,26.230052050200985,-4.516798268170422,-0.3426964882310008,d3n,1.423520977038173,-3.172976261697407
2,synthetic,d3n,3,d2,23.563887008523718,0.4149563883070095,26.230052050200985,-2.6661650416772673,-0.2158835872378148,d3n,1.423520977038173,-1.8729369532892888
2,synthetic,d3n,3,d3,26.14921129038636,0.6447850478451017,26.230052050200985,-0.08084075981462391,0.013945072300277417,d3n,1.423520977038173,-0.05678929999530038
2,synthetic,d3n,3,d3n,27.653573027239158,0.7090590790669683,26.230052050200985,1.423520977038173,0.078219103522144,d3n,1.423520977038173,1.0
2,synthetic,d3n,4,noop,25.52034371407379,0.5944132138124094,25.52034371407379,0.0,0.0,d3n,1.3303400890368273,0.0
2,synthetic,d3n,4,d0,20.295014718463165,0.20927928710732382,25.52034371407379,-5.225328995610624,-0.3851339267050856,d3n,1.3303400890368273,-3.9278144278082965
2,synthetic,d3n,4,d1,23.60252265948085,0.42430337591000566,25.52034371407379,-1.9178210545929382,-0.17010983790240375,d3n,1.3303400890368273,-1.441602091373079
2,synthetic,d3n,4,d15,21.427888542676754,0.2630809420843919,25.52034371407379,-4.0924551713970345,-0.3313322717280175,d3n,1.3303400890368273,-3.0762473484205017
2,synthetic,d3n,4,d2,23.172281771198683,0.3915489203626281,25.52034371407379,-2.3480619428751055,-0.2028642934497813,d3n,1.3303400890368273,-1.7650087840133524
2,synthetic,d3n,4,d3,25.42691580293324,0.6047956212935314,25.52034371407379,-0.09342791114054805,0.010382407481121958,d3n,1.3303400890368273,-0.07022859185442597
2,synthetic,d3n,4,d3n,26.850683803110616,0.6704593265476361,25.52034371407379,1.3303400890368273,0.07604611273522666,d3n,1.3303400890368273,1.0
2,synthetic,d3n,5,noop,24.989036483406462,0.5692776387650083,24.989036483406462,0.0,0.0,d3n,1.2645588764674223,0.0
2,synthetic,d3n,5,d0,20.16398697615789,0.19851520417057011,24.989036483406462,-4.825049507248572,-0.37076243459443814,d3n,1.2645588764674223,-3.8155989389181086
2,synthetic,d3n,5,d1,23.19087843809889,0.4023581246500004,24.989036483406462,-1.7981580453075736,-0.16691951411500783,d3n,1.2645588764674223,-1.4219646698703143
2,synthetic,d3n,5,d15,21.22147788105996,0.24777345652171703,24.989036483406462,-3.767558602346501,-0.32150418224329125,d3n,1.2645588764674223,-2.979346135999039
2,synthetic,d3n,5,d2,22.86155921130113,0.37608248565188596,24.989036483406462,-2.127477272105331,-0.1931951531131223,d3n,1.2645588764674223,-1.6823868873930912
2,synthetic,d3n,5,d3,24.884143986769125,0.5766966673228102,24.989036483406462,-0.10489249663733702,0.0074190285578019655,d3n,1.2645588764674223,-0.08294789478711889
2,synthetic,d3n,5,d3n,26.253595359873884,0.6424496545716071,24.989036483406462,1.2645588764674223,0.07317201580659882,d3n,1.2645588764674223,1.0
2,synthetic,d3n,all,noop,26.57402462388876,0.6475892093506218,26.57402462388876,0.0,0.0,d3n,1.4896085802893104,0.0
2,synthetic,d3n,all,d0,20.47824605177042,0.23755186498399491,26.57402462388876,-6.095778572118341,-0.41003734436662687,d3n,1.4896085802893104,-4.092201570787425
2,synthetic,d3n,all,d1,24.3688420969287,0.4699017781178716,26.57402462388876,-2.205182526960062,-0.17768743123275021,d3n,1.4896085802893104,-1.4803771649407211
2,synthetic,d3n,all,d15,21.894479137653477,0.30480421325676316,26.57402462388876,-4.679545486235284,-0.34278499609385865,d3n,1.4896085802893104,-3.1414598090771113
2,synthetic,d3n,all,d2,23.775473256751404,0.4309699139455115,26.57402462388876,-2.7985513671373567,-0.21661929540511032,d3n,1.4896085802893104,-1.8787159285789188
2,synthetic,d3n,all,d3,26.49782242881524,0.6608741685135264,26.57402462388876,-0.07620219507352033,0.01328495916290462,d3n,1.4896085802893104,-0.051155851330233613
2,synthetic,d3n,all,d3n,28.06363320417807,0.7249241339018647,26.57402462388876,1.4896085802893104,0.07733492455124291,d3n,1.4896085802893104,1.0
3,synthetic,d0,1,noop,33.298993318802786,0.8602748696995265,33.298993318802786,0.0,0.0,d0,6.565969224624574,0.0
3,synthetic,d0,1,d0,39.86496254342736,0.974887835260713,33.298993318802786,6.565969224624574,0.1146129655611865,d0,6.565969224624574,1.0
3,synthetic,d0,1,d1,41.058336920705976,0.9743856088021122,33.298993318802786,7.75934360190319,0.11411073910258573,d0,6.565969224624574,1.1817514423922464
3,synthetic,d0,1,d15,36.75130922753143,0.9455876627602495,33.298993318802786,3.452315908728643,0.08531279306072304,d0,6.565969224624574,0.5257892309000334
3,synthetic,d0,1,d2,36.505318289318986,0.9433926549690456,33.298993318802786,3.2063249705161994,0.08311778526951907,d0,6.565969224624574,0.48832470284682594
3,synthetic,d0,1,d3,35.05888645475203,0.9157508485338278,33.298993318802786,1.7598931359492411,0.05547597883430133,d0,6.565969224624574,0.26803249843892885
3,synthetic,d0,1,d3n,33.713921091594166,0.9031605958535562,33.298993318802786,0.4149277727913798,0.042885726154029746,d0,6.565969224624574,0.06319368224195482
3,synthetic,d0,2,noop,30.68676053447709,0.7665999687026982,30.68676053447709,0.0,0.0,d0,6.140248947444487,0.0
3,synthetic,d0,2,d0,36.82700948192158,0.9420634316914427,30.68676053447709,6.140248947444487,0.1754634629887445,d0,6.140248947444487,1.0
3,synthetic,d0,2,d1,37.04666835665255,0.9415875071593911,30.68676053447709,6.359907822175462,0.1749875384566929,d0,6.140248947444487,1.0357736105833941
3,synthetic,d0,2,d15,32.712583417913955,0.8493849925058709,30.68676053447709,2.025822883436863,0.08278502380317265,d0,6.140248947444487,0.329925203485437
3,synthetic,d0,2,d2,32.7863897501661,0.8439903486041446,30.68676053447709,2.09962921568901,0.07739037990144637,d0,6.140248947444487,0.3419452914140974
3,synthetic,d0,2,d3,31.622104935499173,0.8044438190691056,30.68676053447709,0.9353444010220819,0.03784385036640736,d0,6.140248947444487,0.15233004541474876
3,synthetic,d0,2,d3n,31.30866139567409,0.8027932687832573,30.68676053447709,0.6219008611969983,0.0361933000805591,d0,6.140248947444487,0.10128267868615123
3,synthetic,d0,3,noop,29.101316551621206,0.7005075453133354,29.101316551621206,0.0,0.0,d0,5.181323485836597,0.0
3,synthetic,d0,3,d0,34.2826400374578,0.8926893654541804,29.101316551621206,5.181323485836597,0.19218182014084506,d0,5.181323485836597,1.0
3,synthetic,d0,3,d1,34.33906276525187,0.8909280136742599,29.101316551621206,5.237746213630661,0.19042046836092452,d0,5.181323485836597,1.0108896361997661
3,synthetic,d0,3,d15,30.94338678668801,0.7793684996367845,29.101316551621206,1.842070235066803,0.07886095432344908,d0,5.181323485836597,0.3555211791161453
3,synthetic,d0,3,d2,31.157258365317272,0.7790779753551055,29.101316551621206,2.055941813696066,0.07857043004177011,d0,5.181323485836597,0.39679858231513326
3,synthetic,d0,3,d3,29.681814448444758,0.7225242696386208,29.101316551621206,0.5804978968235517,0.022016724325285453,d0,5.181323485836597,0.11203660578428877
3,synthetic,d0,3,d3n,29.530582049303177,0.722498340691719,29.101316551621206,0.4292654976819712,0.021990795378383665,d0,5.181323485836597,0.08284861944161363
3,synthetic,d0,4,noop,28.026599416868926,0.6579247922251724,28.026599416868926,0.0,0.0,d0,4.5356228059615304,0.0
3,synthetic,d0,4,d0,32.56222222283046,0.8450327727280328,28.026599416868926,4.5356228059615304,0.18710798050286037,d0,4.5356228059615304,1.0
3,synthetic,d0,4,d1,30.1963112905991,0.7502190940009302,28.026599416868926,2.169711873730172,0.09229430177575781,d0,4.5356228059615304,0.4783713211068493
3,synthetic,d0,4,d15,29.716862179658,0.7222733811568399,28.026599416868926,1.6902627627890752,0.0643485889316675,d0,4.5356228059615304,0.37266387332020384
3,synthetic,d0,4,d2,29.906905274745846,0.724664892236528,28.026599416868926,1.8803058578769196,0.06674010001135555,d0,4.5356228059615304,0.4145639834523902
3,synthetic,d0,4,d3,28.43272733455489,0.6715938479616499,28.026599416868926,0.40612791768596423,0.013669055736477476,d0,4.5356228059615304,0.08954181929594277
3,synthetic,d0,4,d3n,28.30679677752603,0.6711042754241537,28.026599416868926,0.2801973606571053,0.013179483198981323,d0,4.5356228059615304,0.06177704201699039
3,synthetic,d0,5,noop,27.228465533095317,0.6298076886390521,27.228465533095317,0.0,0.0,d0,3.982298470904823,0.0
3,synthetic,d0,5,d0,31.21076400400014,0.7892526242088534,27.228465533095317,3.982298470904823,0.15944493556980133,d0,3.982298470904823,1.0
3,synthetic,d0,5,d1,28.23512981136789,0.6677979708706595,27.228465533095317,1.0066642782725737,0.037990282231607386,d0,3.982298470904823,0.2527847386697382
3,synthetic,d0,5,d15,28.63318644888324,0.6776371383605697,27.228465533095317,1.404720915787923,0.04782944972151759,d0,3.982298470904823,0.3527412437945051
3,synthetic,d0,5,d2,28.762943079738488,0.6798027567456985,27.228465533095317,1.5344775466431706,0.049995068106646334,d0,3.982298470904823,0.3853245952944657
3,synthetic,d0,5,d3,27.52288124222759,0.6387201133324079,27.228465533095317,0.29441570913227366,0.008912424693355736,d0,3.982298470904823,0.07393110066543533
3,synthetic,d0,5,d3n,27.402843307678545,0.6379997172399202,27.228465533095317,0.17437777458322756,0.008192028600868095,d0,3.982298470904823,0.04378822327287964
3,synthetic,d0,all,noop,29.668427070973063,0.723022972915957,29.668427070973063,0.0,0.0,d0,5.281092586954404,0.0
3,synthetic,d0,all,d0,34.94951965792747,0.8887852058686445,29.668427070973063,5.281092586954404,0.16576223295268755,d0,5.281092586954404,1.0
3,synthetic,d0,all,d1,34.17510182891547,0.8449836389014705,29.668427070973063,4.50667475794241,0.12196066598551358,d0,5.281092586954404,0.8533603006838023
3,synthetic,d0,all,d15,31.751465612134925,0.7948503348840629,29.668427070973063,2.083038541161862,0.07182736196810591,d0,5.281092586954404,0.39443325540390617
3,synthetic,d0,all,d2,31.82376295185734,0.7941857255821044,29.668427070973063,2.1553358808842766,0.07116275266614747,d0,5.281092586954404,0.40812310055091355
3,synthetic,d0,all,d3,30.463682883095686,0.7506065797071224,29.668427070973063,0.7952558121226225,0.02758360679116545,d0,5.281092586954404,0.15058547053068141
3,synthetic,d0,all,d3n,30.052560924355202,0.7475112395985213,29.668427070973063,0.38413385338213857,0.02448826668256432,d0,5.281092586954404,0.0727375722082668
3,synthetic,d1,1,noop,34.50571411915241,0.9029655899995257,34.50571411915241,0.0,0.0,d1,2.6286019883059097,0.0
3,synthetic,d1,1,d0,31.526728529217188,0.8809599156983359,34.50571411915241,-2.9789855899352204,-0.022005674301189826,d1,2.6286019883059097,-1.1332965596115703
3,synthetic,d1,1,d1,37.13431610745832,0.9565902417714572,34.50571411915241,2.6286019883059097,0.05362465177193154,d1,2.6286019883059097,1.0
3,synthetic,d1,1,d15,35.37285839391776,0.9512351591680213,34.50571411915241,0.8671442747653515,0.04826956916849556,d1,2.6286019883059097,0.32988800838738297
3,synthetic,d1,1,d2,35.02635259882657,0.9499376779723042,34.50571411915241,0.5206384796741617,0.04697208797277852,d1,2.6286019883059097,0.19806668411207606
3,synthetic,d1,1,d3,34.63021927556984,0.9338346967609371,34.50571411915241,0.12450515641743465,0.030869106761411413,d1,2.6286019883059097,0.04736554144420934
3,synthetic,d1,1,d3n,32.82810072250424,0.9174887241276469,34.50571411915241,-1.6776133966481694,0.014523134128121229,d1,2.6286019883059097,-0.6382150679758724
3,synthetic,d1,2,noop,32.78244978050645,0.8523965436436242,32.78244978050645,0.0,0.0,d1,3.7009628302705266,0.0
3,synthetic,d1,2,d0,35.52444886265618,0.9426658911970573,32.78244978050645,2.741999082149732,0.09026934755343319,d1,3.7009628302705266,0.7408880358707365
3,synthetic,d1,2,d1,36.48341261077697,0.9469645711139214,32.78244978050645,3.7009628302705266,0.09456802747029724,d1,3.7009628302705266,1.0
3,synthetic,d1,2,d15,34.85229221382686,0.9274537434296264,32.78244978050645,2.06984243332041,0.07505719978600223,d1,3.7009628302705266,0.5592713378234907
3,synthetic,d1,2,d2,34.70844362822804,0.9257001176107028,32.78244978050645,1.9259938477215925,0.07330357396707865,d1,3.7009628302705266,0.5204034560868069
3,synthetic,d1,2,d3,33.91476501350919,0.9020479281344063,32.78244978050645,1.1323152330027426,0.0496513844907821,d1,3.7009628302705266,0.30595152800277503
3,synthetic,d1,2,d3n,32.79403575195754,0.8908911329308549,32.78244978050645,0.011585971451090415,0.03849458928723071,d1,3.7009628302705266,0.0031305289954083448
3,synthetic,d1,3,noop,30.992267955612366,0.783748113164702,30.992267955612366,0.0,0.0,d1,4.333482202419564,0.0
3,synthetic,d1,3,d0,35.108065546230655,0.9299339547159975,30.992267955612366,4.115797590618289,0.14618584155129544,d1,4.333482202419564,0.9497668153154679
3,synthetic,d1,3,d1,35.32575015803193,0.9309380247819522,30.992267955612366,4.333482202419564,0.14718991161725015,d1,4.333482202419564,1.0
3,synthetic,d1,3,d15,32.68482111218636,0.8608845081642147,30.992267955612366,1.6925531565739966,0.07713639499951264,d1,4.333482202419564,0.3905757719805503
3,synthetic,d1,3,d2,32.712535208638315,0.8557258204582892,30.992267955612366,1.7202672530259484,0.0719777072935871,d1,4.333482202419564,0.3969711129920994
3,synthetic,d1,3,d3,31.906653250902778,0.8250946972902604,30.992267955612366,0.9143852952904119,0.04134658412555836,d1,4.333482202419564,0.21100474227859353
3,synthetic,d1,3,d3n,31.498112277103314,0.8218328229870275,30.992267955612366,0.5058443214909474,0.03808470982232548,d1,4.333482202419564,0.11672929479403732
3,synthetic,d1,4,noop,29.652105639340913,0.7259904257561326,29.652105639340913,0.0,0.0,d1,4.295931277285835,0.0
3,synthetic,d1,4,d0,33.87349311128583,0.9004894272388595,29.652105639340913,4.221387471944919,0.1744990014827269,d1,4.295931277285835,0.9826478124231045
3,synthetic,d1,4,d1,33.94803691662675,0.8990477277266854,29.652105639340913,4.295931277285835,0.1730573019705528,d1,4.295931277285835,1.0
3,synthetic,d1,4,d15,31.29280160066331,0.8053852242356758,29.652105639340913,1.6406959613223968,0.07939479847954323,d1,4.295931277285835,0.38191857723547823
3,synthetic,d1,4,d2,31.470039194101325,0.8029178235900976,29.652105639340913,1.8179335547604119,0.07692739783396496,d1,4.295931277285835,0.42317566027475667
3,synthetic,d1,4,d3,30.300827565540683,0.7533726388802661,29.652105639340913,0.6487219261997694,0.02738221312413347,d1,4.295931277285835,0.15100845063090285
3,synthetic,d1,4,d3n,30.113766114573835,0.7533128321825742,29.652105639340913,0.46166047523292164,0.02732240642644157,d1,4.295931277285835,0.1074645857753568
3,synthetic,d1,5,noop,28.65260037222274,0.6834431238497651,28.65260037222274,0.0,0.0,d1,4.04710114351526,0.0
3,synthetic,d1,5,d0,32.79386504156799,0.8664748316321447,28.65260037222274,4.141264669345251,0.18303170778237954,d1,4.04710114351526,1.0232669069763356
3,synthetic,d1,5,d1,32.699701515738,0.8558057913854774,28.65260037222274,4.04710114351526,0.17236266753571228,d1,4.04710114351526,1.0
3,synthetic,d1,5,d15,30.30694236762536,0.756346045996767,28.65260037222274,1.6543419954026213,0.07290292214700189,d1,4.04710114351526,0.40877209062427367
3,synthetic,d1,5,d2,30.50968932962167,0.757393075041277,28.65260037222274,1.857088957398929,0.07394995119151182,d1,4.04710114351526,0.45886892655859984
3,synthetic,d1,5,d3,29.142213014442163,0.7018886441161967,28.65260037222274,0.4896126422194236,0.018445520266431537,d1,4.04710114351526,0.12097860292025031
3,synthetic,d1,5,d3n,29.003878080782183,0.7017224065645981,28.65260037222274,0.3512777085594436,0.018279282714832923,d1,4.04710114351526,0.08679736337262091
3,synthetic,d1,all,noop,31.317027573366975,0.7897087592827499,31.317027573366975,0.0,0.0,d1,3.801215888359419,0.0
3,synthetic,d1,all,d0,33.76532021819157,0.904104804096479,31.317027573366975,2.448292644824594,0.11439604481372911,d1,3.801215888359419,0.6440814509699584
3,synthetic,d1,all,d1,35.118243461726394,0.9178692713558987,31.317027573366975,3.801215888359419,0.12816051207314882,d1,3.801215888359419,1.0
3,synthetic,d1,all,d15,32.90194313764393,0.860260936198861,31.317027573366975,1.5849155642769581,0.07055217691611115,d1,3.801215888359419,0.41694963159827203
3,synthetic,d1,all,d2,32.88541199188318,0.8583349029345342,31.317027573366975,1.5683844185162066,0.06862614365178432,d1,3.801215888359419,0.41260072160571537
3,synthetic,d1,all,d3,31.978935623992932,0.8232477210364133,31.317027573366975,0.6619080506259571,0.03353896175366344,d1,3.801215888359419,0.1741306124319165
3,synthetic,d1,all,d3n,31.247578589384222,0.8170495837585403,31.317027573366975,-0.06944898398275257,0.02734082447579045,d1,3.801215888359419,-0.01827020248847963
3,synthetic,d15,1,noop,33.0270158085583,0.8729099720033553,33.0270158085583,0.0,0.0,d15,4.126587429770304,0.0
3,synthetic,d15,1,d0,32.87854260380872,0.9049012086205156,33.0270158085583,-0.14847320474958536,0.0319912366171603,d15,4.126587429770304,-0.0359796580773886
3,synthetic,d15,1,d1,36.20617443399264,0.9500128795651007,33.0270158085583,3.17915862543434,0.07710290756174543,d15,4.126587429770304,0.7704086438346225
3,synthetic,d15,1,d15,37.15360323832861,0.9598580890808851,33.0270158085583,4.126587429770304,0.08694811707752981,d15,4.126587429770304,1.0
3,synthetic,d15,1,d2,36.799288963752076,0.958302129018047,33.0270158085583,3.7722731551937727,0.08539215701469172,d15,4.126587429770304,0.9141386725456455
3,synthetic,d15,1,d3,34.96676736196837,0.9277627275379237,33.0270158085583,1.939751553410069,0.054852755534568365,d15,4.126587429770304,0.47006190621727373
3,synthetic,d15,1,d3n,33.61465075641176,0.9141025099312784,33.0270158085583,0.5876349478534593,0.0411925379279231,d15,4.126587429770304,0.14240215622577237
3,synthetic,d15,2,noop,32.25437601502904,0.8491015346884548,32.25437601502904,0.0,0.0,d15,4.349294966454792,0.0
3,synthetic,d15,2,d0,32.891395066395276,0.9031945626810473,32.25437601502904,0.6370190513662379,0.05409302799259241,d15,4.349294966454792,0.14646489977787974
3,synthetic,d15,2,d1,34.92717463803596,0.929066874333157,32.25437601502904,2.672798623006919,0.0799653396447022,d15,4.349294966454792,0.614536067022738
3,synthetic,d15,2,d15,36.60367098148383,0.9521693505016509,32.25437601502904,4.349294966454792,0.10306781581319602,d15,4.349294966454792,1.0
3,synthetic,d15,2,d2,36.297290590273356,0.9496347471220793,32.25437601502904,4.042914575244318,0.10053321243362445,d15,4.349294966454792,0.929556308879135
3,synthetic,d15,2,d3,34.106988776097346,0.9068831232069221,32.25437601502904,1.8526127610683076,0.057781588518467264,d15,4.349294966454792,0.4259570287499755
3,synthetic,d15,2,d3n,33.13094457247309,0.896189413200658,32.25437601502904,0.8765685574440525,0.047087878512203196,d15,4.349294966454792,0.20154267857315808
3,synthetic,d15,3,noop,31.42937349323757,0.8192023562839791,31.42937349323757,0.0,0.0,d15,4.0440108457245785,0.0
3,synthetic,d15,3,d0,32.20914870415479,0.8795568157130171,31.42937349323757,0.7797752109172222,0.060354459429038054,d15,4.0440108457245785,0.19282223531660866
3,synthetic,d15,3,d1,33.40215466346712,0.8913221369300858,31.42937349323757,1.9727811702295526,0.07211978064610669,d15,4.0440108457245785,0.48782786334888845
3,synthetic,d15,3,d15,35.47338433896215,0.9314396225117499,31.42937349323757,4.0440108457245785,0.11223726622777086,d15,4.0440108457245785,1.0
3,synthetic,d15,3,d2,35.14553590899209,0.9261353226318384,31.42937349323757,3.7161624157545177,0.10693296634785932,d15,4.0440108457245785,0.9189298836038806
3,synthetic,d15,3,d3,32.98529941080926,0.8734271422302831,31.42937349323757,1.5559259175716917,0.05422478594630398,d15,4.0440108457245785,0.3847482059096485
3,synthetic,d15,3,d3n,32.3327487285293,0.8661791635978097,31.42937349323757,0.9033752352917332,0.04697680731383058,d15,4.0440108457245785,0.22338595759375926
3,synthetic,d15,4,noop,30.662379277370462,0.788709090984826,30.662379277370462,0.0,0.0,d15,3.4874536383877484,0.0
3,synthetic,d15,4,d0,31.198306877213614,0.8403710815593723,30.662379277370462,0.5359275998431521,0.051661990574546346,d15,3.4874536383877484,0.15367303924674156
3,synthetic,d15,4,d1,32.026107888397284,0.8473714714790089,30.662379277370462,1.363728611026822,0.05866238049418293,d15,3.4874536383877484,0.3910384918141233
3,synthetic,d15,4,d15,34.14983291575821,0.9007477616768115,30.662379277370462,3.4874536383877484,0.11203867069198548,d15,3.4874536383877484,1.0
3,synthetic,d15,4,d2,33.824529437531574,0.8930872553479483,30.662379277370462,3.1621501601611115,0.1043781643631223,d15,3.4874536383877484,0.9067217769876864
3,synthetic,d15,4,d3,31.903427420658424,0.8362278543849309,30.662379277370462,1.241048143287962,0.04751876340010486,d15,3.4874536383877484,0.35586082912393907
3,synthetic,d15,4,d3n,31.467640320400292,0.8317371005770364,30.662379277370462,0.8052610430298301,0.043028009592210426,d15,3.4874536383877484,0.23090229334263
3,synthetic,d15,5,noop,29.996755867233677,0.7607494239701668,29.996755867233677,0.0,0.0,d15,2.9270630217780784,0.0
3,synthetic,d15,5,d0,30.276498470693312,0.7982497397627595,29.996755867233677,0.27974260345963486,0.03750031579259272,d15,2.9270630217780784,0.09557108998961764
3,synthetic,d15,5,d1,30.911356070093603,0.8054899639232402,29.996755867233677,0.9146002028599263,0.04474053995307348,d15,2.9270630217780784,0.3124634475086709
3,synthetic,d15,5,d15,32.923818889011756,0.8647627126702593,29.996755867233677,2.9270630217780784,0.10401328870009252,d15,2.9270630217780784,1.0
3,synthetic,d15,5,d2,32.65124199123512,0.8566569182305449,29.996755867233677,2.6544861240014406,0.09590749426037815,d15,2.9270630217780784,0.9068769972670223
3,synthetic,d15,5,d3,30.984834375460284,0.8010645086613255,29.996755867233677,0.9880785082266073,0.04031508469115874,d15,2.9270630217780784,0.337566530298479
3,synthetic,d15,5,d3n,30.676414400003264,0.7986020297735683,29.996755867233677,0.6796585327695865,0.03785260580340155,d15,2.9270630217780784,0.23219812068027154
3,synthetic,d15,all,noop,31.47398009228581,0.8181344755861564,31.47398009228581,0.0,0.0,d15,3.7868819804231,0.0
3,synthetic,d15,all,d0,31.890778344453143,0.8652546816673423,31.47398009228581,0.41679825216733235,0.047120206081185945,d15,3.7868819804231,0.11006370262449118
3,synthetic,d15,all,d1,33.494593538797325,0.8846526652461185,31.47398009228581,2.020613446511515,0.06651818965996215,d15,3.7868819804231,0.5335823659035067
3,synthetic,d15,all,d15,35.26086207270891,0.9217955072882713,31.47398009228581,3.7868819804231,0.10366103170211494,d15,3.7868819804231,1.0
3,synthetic,d15,all,d2,34.94357737835684,0.9167632744700915,31.47398009228581,3.469597286071032,0.09862879888393516,d15,3.7868819804231,0.9162147920129746
3,synthetic,d15,all,d3,32.989463468998736,0.869073071204277,31.47398009228581,1.5154833767129254,0.05093859561812064,d15,3.7868819804231,0.4001929250891531
3,synthetic,d15,all,d3n,32.24447975556354,0.8613620434160701,31.47398009228581,0.7704996632777288,0.04322756782991377,d15,3.7868819804231,0.20346545449817333
3,synthetic,d2,1,noop,32.84353894259498,0.8682085612633459,32.84353894259498,0.0,0.0,d2,4.0110561231488475,0.0
3,synthetic,d2,1,d0,32.88008571065162,0.9046100241171965,32.84353894259498,0.03654676805663826,0.0364014628538506,d2,4.0110561231488475,0.009111507526837473
3,synthetic,d2,1,d1,35.93028238176135,0.9469114370604909,32.84353894259498,3.0867434391663693,0.07870287579714497,d2,4.0110561231488475,0.7695587756431456
3,synthetic,d2,1,d15,37.17804048152726,0.9594526876528222,32.84353894259498,4.33450153893228,0.09124412638947632,d2,4.0110561231488475,1.080638466741152
3,synthetic,d2,1,d2,36.85459506574383,0.9581356811218921,32.84353894259498,4.0110561231488475,0.08992711985854618,d2,4.0110561231488475,1.0
3,synthetic,d2,1,d3,34.854641560053665,0.9249733946349816,32.84353894259498,2.0111026174586826,0.05676483337163574,d2,4.0110561231488475,0.5013897975279096
3,synthetic,d2,1,d3n,33.58841950941766,0.9117302198710296,32.84353894259498,0.7448805668226797,0.043521658607683755,d2,4.0110561231488475,0.18570684227622253
3,synthetic,d2,2,noop,31.75912083547694,0.8335470736004373,31.75912083547694,0.0,0.0,d2,4.367930993023538,0.0
3,synthetic,d2,2,d0,32.55147027360327,0.8947732575324516,31.75912083547694,0.7923494381263332,0.06122618393201429,d2,4.367930993023538,0.18140154672586956
3,synthetic,d2,2,d1,34.075333762580875,0.9130228377828287,31.75912083547694,2.316212927103937,0.07947576418239133,d2,4.367930993023538,0.5302769047412593
3,synthetic,d2,2,d15,36.255495623840055,0.9462839181791742,31.75912083547694,4.496374788363116,0.1127368445787369,d2,4.367930993023538,1.0294060953675157
3,synthetic,d2,2,d2,36.12705182850048,0.9458802049205681,31.75912083547694,4.367930993023538,0.11233313132013079,d2,4.367930993023538,1.0
3,synthetic,d2,2,d3,33.548554822791345,0.8914070702434302,31.75912083547694,1.789433987314407,0.057859996642992906,d2,4.367930993023538,0.4096754253152103
3,synthetic,d2,2,d3n,32.77952803999387,0.8823864488763795,31.75912083547694,1.020407204516932,0.048839375275942176,d2,4.367930993023538,0.23361339868846986
3,synthetic,d2,3,noop,30.655346923444075,0.7903745340184777,30.655346923444075,0.0,0.0,d2,3.926968457195475,0.0
3,synthetic,d2,3,d0,31.35431789509969,0.8517442275980143,30.655346923444075,0.6989709716556156,0.06136969357953659,d2,3.926968457195475,0.17799250981374068
3,synthetic,d2,3,d1,32.10284343955214,0.8552476414482814,30.655346923444075,1.447496516108064,0.06487310742980368,d2,3.926968457195475,0.3686040598201859
3,synthetic,d2,3,d15,34.490700228961224,0.9085255493595357,30.655346923444075,3.835353305517149,0.11815101534105799,d2,3.926968457195475,0.9766702603606461
3,synthetic,d2,3,d2,34.58231538063955,0.9116131788291804,30.655346923444075,3.926968457195475,0.12123864481070268,d2,3.926968457195475,1.0
3,synthetic,d2,3,d3,31.97586349917927,0.839310404696942,30.655346923444075,1.3205165757351942,0.04893587067846428,d2,3.926968457195475,0.3362686994125408
3,synthetic,d2,3,d3n,31.54278200161717,0.8337199757761475,30.655346923444075,0.8874350781730946,0.043345441757669856,d2,3.926968457195475,0.22598477371190157
3,synthetic,d2,4,noop,29.68776788288807,0.7480895128038136,29.68776788288807,0.0,0.0,d2,3.197837315494187,0.0
3,synthetic,d2,4,d0,29.971219927094914,0.7908035887609594,29.68776788288807,0.2834520442068431,0.042714075957145714,d2,3.197837315494187,0.0886386692760945
3,synthetic,d2,4,d1,30.49687248365401,0.7933673118904987,29.68776788288807,0.8091046007659379,0.045277799086685055,d2,3.197837315494187,0.2530161859221724
3,synthetic,d2,4,d15,32.576432288275186,0.8523995176008059,29.68776788288807,2.8886644053871144,0.10431000479699226,d2,3.197837315494187,0.9033181242181816
3,synthetic,d2,4,d2,32.88560519838226,0.863062003241176,29.68776788288807,3.197837315494187,0.11497249043736235,d2,3.197837315494187,1.0
3,synthetic,d2,4,d3,30.61210041579942,0.7857778024008522,29.68776788288807,0.9243325329113503,0.037688289597038516,d2,3.197837315494187,0.2890492672759702
3,synthetic,d2,4,d3n,30.347250617060958,0.7820549302071104,29.68776788288807,0.6594827341728866,0.03396541740329673,d2,3.197837315494187,0.206227731153663
3,synthetic,d2,5,noop,28.89535319509585,0.711798022115288,28.89535319509585,0.0,0.0,d2,2.522160171835516,0.0
3,synthetic,d2,5,d0,28.84785972207583,0.7327449530505913,28.89535319509585,-0.04749347302001894,0.02094693093530331,d2,2.522160171835516,-0.018830474586970937
3,synthetic,d2,5,d1,29.306501295045297,0.7398433606103143,28.89535319509585,0.4111480999494468,0.02804533849502633,d2,2.522160171835516,0.16301427028333076
3,synthetic,d2,5,d15,30.947546841236633,0.7928161648212573,28.89535319509585,2.0521936461407826,0.0810181427059693,d2,2.522160171835516,0.813665075302211
3,synthetic,d2,5,d2,31.417513366931367,0.8105427067916474,28.89535319509585,2.522160171835516,0.09874468467635944,d2,2.522160171835516,1.0
3,synthetic,d2,5,d3,29.550107066027657,0.7394683307133318,28.89535319509585,0.6547538709318061,0.02767030859804387,d2,2.522160171835516,0.25960043229740853
3,synthetic,d2,5,d3n,29.373028815553926,0.7376596625965767,28.89535319509585,0.47767562045807566,0.025861640481288695,d2,2.522160171835516,0.1893914691827223
3,synthetic,d2,all,noop,30.768225555899985,0.7904035407602725,30.768225555899985,0.0,0.0,d2,3.6051906121395128,0.0
3,synthetic,d2,all,d0,31.120990705705065,0.8349352102118426,30.768225555899985,0.3527651498050801,0.044531669451570055,d2,3.6051906121395128,0.09784923676912895
3,synthetic,d2,all,d1,32.382366672518735,0.8496785177584828,30.768225555899985,1.6141411166187503,0.05927497699821027,d2,3.6051906121395128,0.44772698319571863
3,synthetic,d2,all,d15,34.289643092768074,0.891895567522719,30.768225555899985,3.521417536868089,0.10149202676244651,d2,3.6051906121395128,0.9767632049774733
3,synthetic,d2,all,d2,34.3734161680395,0.8978467549808928,30.768225555899985,3.6051906121395128,0.10744321422062031,d2,3.6051906121395128,1.0
3,synthetic,d2,all,d3,32.10825347277027,0.8361874005379075,30.768225555899985,1.3400279168702873,0.045783859777634994,d2,3.6051906121395128,0.37169405477704914
3,synthetic,d2,all,d3n,31.526201796728717,0.8295102474654488,30.768225555899985,0.7579762408287323,0.03910670670517624,d2,3.6051906121395128,0.21024581565159148
3,synthetic,d3,1,noop,31.109015277952828,0.8240222955874086,31.109015277952828,0.0,0.0,d3,0.6014152956044754,0.0
3,synthetic,d3,1,d0,28.786587210726147,0.785190346244244,31.109015277952828,-2.3224280672266815,-0.038831949343164585,d3,0.6014152956044754,-3.861604592035586
3,synthetic,d3,1,d1,31.1167538714176,0.8504303031839615,31.109015277952828,0.0077385934647722365,0.02640800759655293,d3,0.6014152956044754,0.01286730404319742
3,synthetic,d3,1,d15,30.821071797972063,0.8555187524949178,31.109015277952828,-0.28794347998076475,0.03149645690750924,d3,0.6014152956044754,-0.47877644962680266
3,synthetic,d3,1,d2,30.713582005024314,0.856119089802569,31.109015277952828,-0.39543327292851416,0.03209679421516043,d3,0.6014152956044754,-0.657504516128192
3,synthetic,d3,1,d3,31.710430573557304,0.8665954898301146,31.109015277952828,0.6014152956044754,0.042573194242706,d3,0.6014152956044754,1.0
3,synthetic,d3,1,d3n,30.910861421401655,0.8576162517473807,31.109015277952828,-0.19815385655117268,0.03359395615997207,d3,0.6014152956044754,-0.329479243377092
3,synthetic,d3,2,noop,29.12392478755862,0.7504657981546412,29.12392478755862,0.0,0.0,d3,0.47215331648633807,0.0
3,synthetic,d3,2,d0,27.05402286871316,0.6892722144913261,29.12392478755862,-2.06990191884546,-0.061193583663315065,d3,0.47215331648633807,-4.383961409504053
3,synthetic,d3,2,d1,28.691743897639387,0.7514914081163934,29.12392478755862,-0.4321808899192341,0.0010256099617521608,d3,0.47215331648633807,-0.9153401550484278
3,synthetic,d3,2,d15,28.220617763983586,0.7530721661170832,29.12392478755862,-0.9033070235750351,0.002606367962441958,d3,0.47215331648633807,-1.9131646268996876
3,synthetic,d3,2,d2,28.12708830493093,0.7540963530305361,29.12392478755862,-0.9968364826276925,0.00363055487589492,d3,0.47215331648633807,-2.1112559158663378
3,synthetic,d3,2,d3,29.59607810404496,0.7933194956509222,29.12392478755862,0.47215331648633807,0.042853697496280985,d3,0.47215331648633807,1.0
3,synthetic,d3,2,d3n,28.92767504442016,0.7820853923834373,29.12392478755862,-0.19624974313846266,0.03161959422879612,d3,0.47215331648633807,-0.4156483419388228
3,synthetic,d3,3,noop,27.87479442890921,0.6962511291199838,27.87479442890921,0.0,0.0,d3,0.47986531383018516,0.0
3,synthetic,d3,3,d0,26.309038545743224,0.6393409987364403,27.87479442890921,-1.5657558831659877,-0.05691013038354342,d3,0.47986531383018516,-3.2629069825206782
3,synthetic,d3,3,d1,27.494284791573826,0.6904756051175448,27.87479442890921,-0.38050963733538623,-0.00577552400243897,d3,0.47986531383018516,-0.7929509101173357
3,synthetic,d3,3,d15,27.012683055886285,0.6888041854972491,27.87479442890921,-0.8621113730229268,-0.007446943622734681,d3,0.47986531383018516,-1.7965694710078817
3,synthetic,d3,3,d2,26.872047320780766,0.6881856605722649,27.87479442890921,-1.002747108128446,-0.008065468547718835,d3,0.47986531383018516,-2.0896428210756204
3,synthetic,d3,3,d3,28.354659742739397,0.7384944714418284,27.87479442890921,0.47986531383018516,0.04224334232184468,d3,0.47986531383018516,1.0
3,synthetic,d3,3,d3n,27.662580947603704,0.725274143162569,27.87479442890921,-0.21221348130550766,0.029023014042585227,d3,0.47986531383018516,-0.44223550898410174
3,synthetic,d3,4,noop,27.04106789975127,0.6596927880816816,27.04106789975127,0.0,0.0,d3,0.4599528015331593,0.0
3,synthetic,d3,4,d0,25.797778791632535,0.6075312731048312,27.04106789975127,-1.2432891081187343,-0.0521615149768504,d3,0.4599528015331593,-2.703079759432886
3,synthetic,d3,4,d1,26.730694571265058,0.6522325482154734,27.04106789975127,-0.3103733284862109,-0.007460239866208251,d3,0.4599528015331593,-0.6747938646131612
3,synthetic,d3,4,d15,26.32080947340744,0.6488494077156166,27.04106789975127,-0.720258426343829,-0.010843380366065025,d3,0.4599528015331593,-1.5659398615314304
3,synthetic,d3,4,d2,26.145076052932968,0.6472019823768353,27.04106789975127,-0.8959918468183012,-0.012490805704846286,d3,0.4599528015331593,-1.948008238740354
3,synthetic,d3,4,d3,27.50102070128443,0.6983516965674378,27.04106789975127,0.4599528015331593,0.03865890848575615,d3,0.4599528015331593,1.0
3,synthetic,d3,4,d3n,26.821842728298826,0.6864087644378094,27.04106789975127,-0.21922517145244313,0.02671597635612777,d3,0.4599528015331593,-0.47662536399756783
3,synthetic,d3,5,noop,26.41621325179028,0.6340277555228437,26.41621325179028,0.0,0.0,d3,0.40997967802430324,0.0
3,synthetic,d3,5,d0,25.347697805408963,0.5827271599171419,26.41621325179028,-1.0685154463813156,-0.05130059560570188,d3,0.40997967802430324,-2.606264416642561
3,synthetic,d3,5,d1,26.150804468422884,0.625783797297004,26.41621325179028,-0.2654087833673948,-0.008243958225839787,d3,0.40997967802430324,-0.6473705834552649
3,synthetic,d3,5,d15,25.805962525302533,0.6205767080391416,26.41621325179028,-0.6102507264877453,-0.013451047483702183,d3,0.40997967802430324,-1.488490184266085
3,synthetic,d3,5,d2,25.640322001333256,0.6216872000211751,26.41621325179028,-0.7758912504570219,-0.012340555501668682,d3,0.40997967802430324,-1.8925114878767912
3,synthetic,d3,5,d3,26.82619292981458,0.6669040287254976,26.41621325179028,0.40997967802430324,0.03287627320265385,d3,0.40997967802430324,1.0
3,synthetic,d3,5,d3n,26.233139029846075,0.657838315709972,26.41621325179028,-0.18307422194420298,0.023810560187128238,d3,0.40997967802430324,-0.44654462588594573
3,synthetic,d3,all,noop,28.31300312919244,0.7128919532933118,28.31300312919244,0.0,0.0,d3,0.4846732810956915,0.0
3,synthetic,d3,all,d0,26.659025044444807,0.6608123984987967,28.31300312919244,-1.653978084747635,-0.05207955479451509,d3,0.4846732810956915,-3.4125629558297885
3,synthetic,d3,all,d1,28.03685632006375,0.7140827323860754,28.31300312919244,-0.27614680912869005,0.0011907790927636608,d3,0.4846732810956915,-0.5697586805371452
3,synthetic,d3,all,d15,27.63622892331038,0.7133642439728016,28.31300312919244,-0.6767742058820616,0.0004722906794898396,d3,0.4846732810956915,-1.3963513820115918
3,synthetic,d3,all,d2,27.499623137000448,0.7134580571606761,28.31300312919244,-0.8133799921919938,0.0005661038673643315,d3,0.4846732810956915,-1.6782026654186535
3,synthetic,d3,all,d3,28.797676410288133,0.7527330364431601,28.31300312919244,0.4846732810956915,0.039841083149848355,d3,0.4846732810956915,1.0
3,synthetic,d3,all,d3n,28.111219834314085,0.7418445734882336,28.31300312919244,-0.2017832948783571,0.02895262019492184,d3,0.4846732810956915,-0.4163284892086263
3,synthetic,d3n,1,noop,28.966442641416588,0.7641806787399087,28.966442641416588,0.0,0.0,d3n,1.9455029624104938,0.0
3,synthetic,d3n,1,d0,21.532880238533735,0.3128673273420688,28.966442641416588,-7.433562402882853,-0.4513133513978399,d3n,1.9455029624104938,-3.8208949287194143
3,synthetic,d3n,1,d1,24.906375012659293,0.4914594912197606,28.966442641416588,-4.060067628757295,-0.27272118752014807,d3n,1.9455029624104938,-2.0868987131876886
3,synthetic,d3n,1,d15,21.999091748453278,0.3518410796155435,28.966442641416588,-6.96735089296331,-0.4123395991243652,d3n,1.9455029624104938,-3.581259462247596
3,synthetic,d3n,1,d2,25.60135953772077,0.5404624734493707,28.966442641416588,-3.3650831036958166,-0.22371820529053799,d3n,1.9455029624104938,-1.7296725673069404
3,synthetic,d3n,1,d3,29.141998471576052,0.7741206403287123,28.966442641416588,0.17555583015946397,0.009939961588803614,d3n,1.9455029624104938,0.09023673237790852
3,synthetic,d3n,1,d3n,30.911945603827082,0.8449130762427217,28.966442641416588,1.9455029624104938,0.08073239750281302,d3n,1.9455029624104938,1.0
3,synthetic,d3n,2,noop,27.367942178276227,0.6926507883412018,27.367942178276227,0.0,0.0,d3n,1.6152876537603866,0.0
3,synthetic,d3n,2,d0,21.035647183768646,0.25971424767284307,27.367942178276227,-6.332294994507581,-0.4329365406683587,d3n,1.6152876537603866,-3.9202274466507623
3,synthetic,d3n,2,d1,23.97684520818881,0.433460038375728,27.367942178276227,-3.3910969700874176,-0.25919074996547375,d3n,1.6152876537603866,-2.099376517979909
3,synthetic,d3n,2,d15,21.394968622166083,0.2940208997646001,27.367942178276227,-5.972973556110144,-0.39862988857660164,d3n,1.6152876537603866,-3.697777013403819
3,synthetic,d3n,2,d2,24.63785452702993,0.48102111049006246,27.367942178276227,-2.730087651246297,-0.2116296778511393,d3n,1.6152876537603866,-1.6901557099694646
3,synthetic,d3n,2,d3,27.469948573545977,0.7001350127149354,27.367942178276227,0.10200639526975053,0.007484224373733639,d3n,1.6152876537603866,0.06315060666270793
3,synthetic,d3n,2,d3n,28.983229832036614,0.7728513107095599,27.367942178276227,1.6152876537603866,0.08020052236835817,d3n,1.6152876537603866,1.0
3,synthetic,d3n,3,noop,26.328746822344282,0.639955532986875,26.328746822344282,0.0,0.0,d3n,1.457340503079294,0.0
3,synthetic,d3n,3,d0,20.769805650438787,0.22924800803583986,26.328746822344282,-5.558941171905495,-0.41070752495103513,d3n,1.457340503079294,-3.814442239243132
3,synthetic,d3n,3,d1,23.36109056730722,0.39447991694110307,26.328746822344282,-2.9676562550370633,-0.24547561604577195,d3n,1.457340503079294,-2.036350632379009
3,synthetic,d3n,3,d15,21.09586476401939,0.2582782290023657,26.328746822344282,-5.232882058324893,-0.38167730398450933,d3n,1.457340503079294,-3.5907065282739703
3,synthetic,d3n,3,d2,24.072249339094384,0.44377066252247943,26.328746822344282,-2.2564974832498983,-0.1961848704643956,d3n,1.457340503079294,-1.5483666847123385
3,synthetic,d3n,3,d3,26.397192473701747,0.6454553915975597,26.328746822344282,0.0684456513574645,0.005499858610684694,d3n,1.457340503079294,0.046966135376627464
3,synthetic,d3n,3,d3n,27.786087325423576,0.7187014271027271,26.328746822344282,1.457340503079294,0.07874589411585209,d3n,1.457340503079294,1.0
3,synthetic,d3n,4,noop,25.62163294051304,0.6044439549626437,25.62163294051304,0.0,0.0,d3n,1.3676948554528394,0.0
3,synthetic,d3n,4,d0,20.568526184352873,0.21074093616776418,25.62163294051304,-5.053106756160169,-0.3937030187948795,d3n,1.3676948554528394,-3.694615605238276
3,synthetic,d3n,4,d1,22.911580039360395,0.3683620606490308,25.62163294051304,-2.710052901152647,-0.23608189431361287,d3n,1.3676948554528394,-1.9814748080304483
3,synthetic,d3n,4,d15,20.94480015584887,0.23868536410874608,25.62163294051304,-4.676832784664171,-0.3657585908538976,d3n,1.3676948554528394,-3.419500165565576
3,synthetic,d3n,4,d2,23.696869523251173,0.42215403037462007,25.62163294051304,-1.9247634172618682,-0.18228992458802362,d3n,1.3676948554528394,-1.4073047139046122
3,synthetic,d3n,4,d3,25.673117523709248,0.6087051857553932,25.62163294051304,0.0514845831962063,0.004261230792749537,d3n,1.3676948554528394,0.03764332591509231
3,synthetic,d3n,4,d3n,26.98932779596588,0.6814785425388201,25.62163294051304,1.3676948554528394,0.07703458757617643,d3n,1.3676948554528394,1.0
3,synthetic,d3n,5,noop,25.087827480081145,0.5795644543594538,25.087827480081145,0.0,0.0,d3n,1.2987278430288143,0.0
3,synthetic,d3n,5,d0,20.381692028153132,0.19769186695063645,25.087827480081145,-4.706135451928013,-0.38187258740881735,d3n,1.2987278430288143,-3.6236502337184437
3,synthetic,d3n,5,d1,22.551592546329744,0.3495805258023015,25.087827480081145,-2.536234933751402,-0.22998392855715233,d3n,1.2987278430288143,-1.9528609842047804
3,synthetic,d3n,5,d15,20.82914747966133,0.2271565624819208,25.087827480081145,-4.258680000419815,-0.352407891877533,d3n,1.2987278430288143,-3.279116578026063
3,synthetic,d3n,5,d2,23.386113834775184,0.40841761216570943,25.087827480081145,-1.7017136453059614,-0.17114684219374438,d3n,1.2987278430288143,-1.3102927256393673
3,synthetic,d3n,5,d3,25.12881492708609,0.5830534580696973,25.087827480081145,0.0409874470049445,0.003489003710243521,d3n,1.2987278430288143,0.03155968914114913
3,synthetic,d3n,5,d3n,26.38655532310996,0.6539437512669133,25.087827480081145,1.2987278430288143,0.07437929690745948,d3n,1.2987278430288143,1.0
3,synthetic,d3n,all,noop,26.674518412526258,0.6561590818780166,26.674518412526258,0.0,0.0,d3n,1.5369107635463664,0.0
3,synthetic,d3n,all,d0,20.857710257049433,0.24205247723383047,26.674518412526258,-5.816808155476824,-0.41410660464418614,d3n,1.5369107635463664,-3.784740333299995
3,synthetic,d3n,all,d1,23.541496674769093,0.40746840659758476,26.674518412526258,-3.133021737757165,-0.24869067528043187,d3n,1.5369107635463664,-2.0385189641901067
3,synthetic,d3n,all,d15,21.25277455402979,0.2739964269946352,26.674518412526258,-5.421743858496466,-0.3821626548833814,d3n,1.5369107635463664,-3.5276894320044887
3,synthetic,d3n,all,d2,24.27888935237429,0.4591651778004484,26.674518412526258,-2.3956290601519683,-0.19699390407756823,d3n,1.5369107635463664,-1.5587300947936238
3,synthetic,d3n,all,d3,26.762214393923824,0.6622939376932596,26.674518412526258,0.08769598139756596,0.006134855815242979,d3n,1.5369107635463664,0.05705990450298535
3,synthetic,d3n,all,d3n,28.211429176072624,0.7343776215721485,26.674518412526258,1.5369107635463664,0.07821853969413184,d3n,1.5369107635463664,1.0
4,synthetic,d0,1,noop,33.608806013904264,0.8633002209383557,33.608806013904264,0.0,0.0,d0,6.462272233022773,0.0
4,synthetic,d0,1,d0,40.07107824692704,0.9755724039100145,33.608806013904264,6.462272233022773,0.11227218297165886,d0,6.462272233022773,1.0
4,synthetic,d0,1,d1,41.441973012288415,0.9763194998329234,33.608806013904264,7.833166998384151,0.11301927889456775,d0,6.462272233022773,1.2121381947290901
4,synthetic,d0,1,d15,36.95732569985547,0.9468926974081657,33.608806013904264,3.348519685951203,0.08359247646981005,d0,6.462272233022773,0.5181644420425336
4,synthetic,d0,1,d2,36.68607443616983,0.9449633371438219,33.608806013904264,3.0772684222655684,0.08166311620546618,d0,6.462272233022773,0.47618984643519957
4,synthetic,d0,1,d3,35.13594817900322,0.9156938237147711,33.608806013904264,1.527142165098958,0.05239360277641547,d0,6.462272233022773,0.2363165942306065
4,synthetic,d0,1,d3n,33.83302467632741,0.9038381912394868,33.608806013904264,0.22421866242314792,0.040537970301131154,d0,6.462272233022773,0.03469656714202956
4,synthetic,d0,2,noop,30.94706740437539,0.7706756162167715,30.94706740437539,0.0,0.0,d0,6.226709090040323,0.0
4,synthetic,d0,2,d0,37.17377649441571,0.9455284874763847,30.94706740437539,6.226709090040323,0.17485287125961324,d0,6.226709090040323,1.0
4,synthetic,d0,2,d1,37.40314364473585,0.9449071746644839,30.94706740437539,6.45607624036046,0.17423155844771243,d0,6.226709090040323,1.03683601514113
4,synthetic,d0,2,d15,32.977191835143756,0.8543257818423526,30.94706740437539,2.0301244307683675,0.08365016562558114,d0,6.226709090040323,0.32603489281610565
4,synthetic,d0,2,d2,33.02545845139195,0.8457705530426312,30.94706740437539,2.0783910470165594,0.07509493682585966,d0,6.226709090040323,0.33378643790199936
4,synthetic,d0,2,d3,31.878176087751076,0.8097931278731342,30.94706740437539,0.9311086833756868,0.03911751165636268,d0,6.226709090040323,0.14953463698264038
4,synthetic,d0,2,d3n,31.593807148284196,0.8072836898749983,30.94706740437539,0.6467397439088067,0.036608073658226825,d0,6.226709090040323,0.10386541824208115
4,synthetic,d0,3,noop,29.31514854072965,0.7046745954712792,29.31514854072965,0.0,0.0,d0,5.263682226440718,0.0
4,synthetic,d0,3,d0,34.578830767170366,0.8968228980409148,29.31514854072965,5.263682226440718,0.19214830256963555,d0,5.263682226440718,1.0
4,synthetic,d0,3,d1,34.66432616471125,0.8954153432588622,29.31514854072965,5.3491776239816,0.190740747787583,d0,5.263682226440718,1.0162425074050667
4,synthetic,d0,3,d15,31.232348169676015,0.7827820699567526,29.31514854072965,1.917199628946367,0.0781074744854734,d0,5.263682226440718,0.3642316436421296
4,synthetic,d0,3,d2,31.455991094168365,0.7837050736594088,29.31514854072965,2.1408425534387163,0.07903047818812958,d0,5.263682226440718,0.4067195665203266
4,synthetic,d0,3,d3,29.909562687582813,0.7285005833915141,29.31514854072965,0.5944141468531647,0.023825987920234937,d0,5.263682226440718,0.11292743772929191
4,synthetic,d0,3,d3n,29.819536065831432,0.7287140567677681,29.31514854072965,0.5043875251017838,0.02403946129648893,d0,5.263682226440718,0.09582408348439543
4,synthetic,d0,4,noop,28.20856101756924,0.6618518512363725,28.20856101756924,0.0,0.0,d0,4.686174531139681,0.0
4,synthetic,d0,4,d0,32.89473554870892,0.8501937657230897,28.20856101756924,4.686174531139681,0.18834191448671722,d0,4.686174531139681,1.0
4,synthetic,d0,4,d1,30.36232192420064,0.7535517555894986,28.20856101756924,2.1537609066313976,0.09169990435312614,d0,4.686174531139681,0.4595989526893702
4,synthetic,d0,4,d15,29.953687425174625,0.7248853347516956,28.20856101756924,1.7451264076053832,0.06303348351532312,d0,4.686174531139681,0.3723989356369463
4,synthetic,d0,4,d2,30.122263294094605,0.728941900350958,28.20856101756924,1.9137022765253633,0.06709004911458549,d0,4.686174531139681,0.40837195964614437
4,synthetic,d0,4,d3,28.595335859379297,0.6762245215944281,28.20856101756924,0.3867748418100554,0.014372670358055673,d0,4.686174531139681,0.08253530448768656
4,synthetic,d0,4,d3n,28.573754710345202,0.677208987650737,28.20856101756924,0.3651936927759607,0.015357136414364536,d0,4.686174531139681,0.0779300238071042
4,synthetic,d0,5,noop,27.38934936308525,0.6334010993077162,27.38934936308525,0.0,0.0,d0,4.159307072957358,0.0
4,synthetic,d0,5,d0,31.548656436042606,0.7956197674705389,27.38934936308525,4.159307072957358,0.1622186681628227,d0,4.159307072957358,1.0
4,synthetic,d0,5,d1,28.315629268520876,0.6696576909070283,27.38934936308525,0.9262799054356279,0.03625659159931216,d0,4.159307072957358,0.2227005338119993
4,synthetic,d0,5,d15,28.81580730187501,0.6816358330104273,27.38934936308525,1.4264579387897633,0.04823473370271114,d0,4.159307072957358,0.3429556687613162
4,synthetic,d0,5,d2,28.88459177617176,0.6826273860282182,27.38934936308525,1.4952424130865118,0.049226286720502,d0,4.159307072957358,0.3594931527917611
4,synthetic,d0,5,d3,27.64349408288517,0.6423894611805537,27.38934936308525,0.25414471979992115,0.00898836187283758,d0,4.159307072957358,0.06110265852990237
4,synthetic,d0,5,d3n,27.639041781895596,0.6433474083034925,27.38934936308525,0.24969241881034776,0.00994630899577631,d0,4.159307072957358,0.06003221556633255
4,synthetic,d0,all,noop,29.89378646793276,0.726780676634099,29.89378646793276,0.0,0.0,d0,5.359629030720168,0.0
4,synthetic,d0,all,d0,35.25341549865293,0.8927474645241885,29.89378646793276,5.359629030720168,0.16596678789008956,d0,5.359629030720168,1.0
4,synthetic,d0,all,d1,34.437478802891405,0.8479702928505594,29.89378646793276,4.543692334958646,0.1211896162164604,d0,5.359629030720168,0.8477624680580019
4,synthetic,d0,all,d15,31.987272086344973,0.7981043433938788,29.89378646793276,2.0934856184122133,0.07132366675977986,d0,5.359629030720168,0.39060270895855526
4,synthetic,d0,all,d2,32.0348758103993,0.7972016500450076,29.89378646793276,2.1410893424665396,0.0704209734109087,d0,5.359629030720168,0.3994846154825838
4,synthetic,d0,all,d3,30.632503379320315,0.7545203035508803,29.89378646793276,0.7387169113875558,0.027739626916781335,d0,5.359629030720168,0.1378298585878611
4,synthetic,d0,all,d3n,30.291832876536766,0.7520784667672965,29.89378646793276,0.39804640860400653,0.02529779013319755,d0,5.359629030720168,0.07426752977164941
4,synthetic,d1,1,noop,34.79314038809476,0.9052746555838787,34.79314038809476,0.0,0.0,d1,2.5157291734722307,0.0
4,synthetic,d1,1,d0,31.26419908622061,0.8727182633048491,34.79314038809476,-3.528941301874152,-0.03255639227902951,d1,2.5157291734722307,-1.4027508760028717
4,synthetic,d1,1,d1,37.30886956156699,0.9572742778258704,34.79314038809476,2.5157291734722307,0.05199962224199173,d1,2.5157291734722307,1.0
4,synthetic,d1,1,d15,35.5106945521395,0.9517758145466657,34.79314038809476,0.7175541640447349,0.04650115896278706,d1,2.5157291734722307,0.28522711093514114
4,synthetic,d1,1,d2,35.079161702187406,0.9499328485117272,34.79314038809476,0.2860213140926433,0.04465819292784856,d1,2.5157291734722307,0.11369320557581096
4,synthetic,d1,1,d3,34.75404353522359,0.9348539269362257,34.79314038809476,-0.03909685287117526,0.02957927135234706,d1,2.5157291734722307,-0.015540962550119594
4,synthetic,d1,1,d3n,32.7830706077898,0.9160359257711491,34.79314038809476,-2.01006978030496,0.010761270187270466,d1,2.5157291734722307,-0.7990008628514828
4,synthetic,d1,2,noop,33.07344424682044,0.855580476007551,33.07344424682044,0.0,0.0,d1,3.6784814030463693,0.0
4,synthetic,d1,2,d0,35.71519591174775,0.9435684280440281,33.07344424682044,2.6417516649273054,0.08798795203647702,d1,3.6784814030463693,0.7181636592588218
4,synthetic,d1,2,d1,36.75192564986681,0.9491355775779402,33.07344424682044,3.6784814030463693,0.09355510157038915,d1,3.6784814030463693,1.0
4,synthetic,d1,2,d15,35.07735961591694,0.9291451861377054,33.07344424682044,2.0039153690964966,0.07356471013015431,d1,3.6784814030463693,0.5447670246305812
4,synthetic,d1,2,d2,34.88704240001983,0.9276126626175893,33.07344424682044,1.8135981531993863,0.0720321866100383,d1,3.6784814030463693,0.4930290395643805
4,synthetic,d1,2,d3,34.027912832985464,0.9025165246853806,33.07344424682044,0.9544685861650208,0.04693604867782952,d1,3.6784814030463693,0.2594735385571254
4,synthetic,d1,2,d3n,32.92074464896475,0.8917561763720893,33.07344424682044,-0.15269959785569398,0.03617570036453821,d1,3.6784814030463693,-0.041511586202185057
4,synthetic,d1,3,noop,31.261616154702057,0.7877891838494601,31.261616154702057,0.0,0.0,d1,4.336058098878102,0.0
4,synthetic,d1,3,d0,35.358821144999474,0.9329327635082281,31.261616154702057,4.097204990297417,0.145143579658768,d1,4.336058098878102,0.944914689071513
4,synthetic,d1,3,d1,35.59767425358016,0.9336821658846358,31.261616154702057,4.336058098878102,0.14589298203517576,d1,4.336058098878102,1.0
4,synthetic,d1,3,d15,32.92371695988615,0.8651339518576161,31.261616154702057,1.6621008051840924,0.07734476800815604,d1,4.336058098878102,0.38332069526792995
4,synthetic,d1,3,d2,32.928848923338414,0.8579086853584773,31.261616154702057,1.6672327686363566,0.07011950150901725,d1,4.336058098878102,0.3845042503161411
4,synthetic,d1,3,d3,32.129958208648254,0.8291371491705308,31.261616154702057,0.868342053946197,0.04134796532107077,d1,4.336058098878102,0.20026070549443725
4,synthetic,d1,3,d3n,31.776228696796256,0.825868716682067,31.261616154702057,0.5146125420941985,0.0380795328326069,d1,4.336058098878102,0.11868211411358805
4,synthetic,d1,4,noop,29.8876141842766,0.7302712666330763,29.8876141842766,0.0,0.0,d1,4.3146643335046875,0.0
4,synthetic,d1,4,d0,34.11215722276571,0.9040200932876605,29.8876141842766,4.224543038489109,0.17374882665458424,d1,4.3146643335046875,0.979112791158339
4,synthetic,d1,4,d1,34.20227851778129,0.9034143601840651,29.8876141842766,4.3146643335046875,0.17314309355098878,d1,4.3146643335046875,1.0
4,synthetic,d1,4,d15,31.574095846185102,0.8102705429977095,29.8876141842766,1.686481661908502,0.07999927636463322,d1,4.3146643335046875,0.390872042771081
4,synthetic,d1,4,d2,31.732900757946318,0.8060763383051599,29.8876141842766,1.8452865736697177,0.07580507167208361,d1,4.3146643335046875,0.42767789821806146
4,synthetic,d1,4,d3,30.560371094466376,0.7597660101495438,29.8876141842766,0.6727569101897757,0.029494743516467525,d1,4.3146643335046875,0.15592334842031919
4,synthetic,d1,4,d3n,30.396803683965977,0.7589711512982006,29.8876141842766,0.5091894996893771,0.028699884665124298,d1,4.3146643335046875,0.11801369940538943
4,synthetic,d1,5,noop,28.857404508277284,0.6876527667003618,28.857404508277284,0.0,0.0,d1,4.115964554262831,0.0
4,synthetic,d1,5,d0,33.053022438371684,0.8710628933134213,28.857404508277284,4.1956179300944,0.18341012661305955,d1,4.115964554262831,1.0193522987823287
4,synthetic,d1,5,d1,32.973369062540115,0.8604325097827284,28.857404508277284,4.115964554262831,0.17277974308236665,d1,4.115964554262831,1.0
4,synthetic,d1,5,d15,30.582973040907596,0.7590505968041263,28.857404508277284,1.7255685326303123,0.07139783010376455,d1,4.115964554262831,0.4192379477231337
4,synthetic,d1,5,d2,30.791912855587096,0.7624150388271596,28.857404508277284,1.9345083473098121,0.07476227212679776,d1,4.115964554262831,0.470001216435714
4,synthetic,d1,5,d3,29.349579393449524,0.7074351316228719,28.857404508277284,0.49217488517223984,0.019782364922510065,d1,4.115964554262831,0.1195770465667648
4,synthetic,d1,5,d3n,29.2855506888018,0.7080888180329766,28.857404508277284,0.42814618052451436,0.020436051332614835,d1,4.115964554262831,0.10402086190977787
4,synthetic,d1,all,noop,31.574643896434228,0.7933136697548656,31.574643896434228,0.0,0.0,d1,3.7921795126328455,0.0
4,synthetic,d1,all,d0,33.90067916082105,0.9048604882916375,31.574643896434228,2.326035264386821,0.11154681853677184,d1,3.7921795126328455,0.6133768869954931
4,synthetic,d1,all,d1,35.366823409067074,0.920787778251048,31.574643896434228,3.7921795126328455,0.12747410849618235,d1,3.7921795126328455,1.0
4,synthetic,d1,all,d15,33.133768003007056,0.8630752184687646,31.574643896434228,1.5591241065728276,0.06976154871389895,d1,3.7921795126328455,0.41114195711962864
4,synthetic,d1,all,d2,33.08397332781581,0.8607891147240226,31.574643896434228,1.509329431381584,0.06747544496915703,d1,3.7921795126328455,0.39801107156282334
4,synthetic,d1,all,d3,32.16437301295464,0.8267417485129106,31.574643896434228,0.589729116520413,0.03342807875804499,d1,3.7921795126328455,0.1555119198750626
4,synthetic,d1,all,d3n,31.432479665263717,0.8201441576312966,31.574643896434228,-0.14216423117051136,0.026830487876430942,d1,3.7921795126328455,-0.03748879257875879
4,synthetic,d15,1,noop,33.28670419791495,0.8755233856937695,33.28670419791495,0.0,0.0,d15,4.207990705463246,0.0
4,synthetic,d15,1,d0,32.7569330650652,0.8995170489219433,33.28670419791495,-0.5297711328497527,0.023993663228173756,d15,4.207990705463246,-0.12589645983817158
4,synthetic,d15,1,d1,36.41166336381939,0.9513410064759948,33.28670419791495,3.1249591659044427,0.07581762078222531,d15,4.207990705463246,0.7426250162214711
4,synthetic,d15,1,d15,37.494694903378196,0.9619848058481172,33.28670419791495,4.207990705463246,0.08646142015434766,d15,4.207990705463246,1.0
4,synthetic,d15,1,d2,36.93280554328166,0.9591709787744871,33.28670419791495,3.6461013453667093,0.08364759308071756,d15,4.207990705463246,0.8664708647366939
4,synthetic,d15,1,d3,35.15184273589944,0.9294565418908294,33.28670419791495,1.8651385379844925,0.05393315619705985,d15,4.207990705463246,0.44323732359080026
4,synthetic,d15,1,d3n,33.605816013533186,0.9123727643489837,33.28670419791495,0.31911181561823554,0.036849378655214204,d15,4.207990705463246,0.07583472444554876
4,synthetic,d15,2,noop,32.48737652953242,0.851927206286802,32.48737652953242,0.0,0.0,d15,4.43891386936528,0.0
4,synthetic,d15,2,d0,32.857767476184826,0.9003739223401871,32.48737652953242,0.3703909466524067,0.04844671605338513,d15,4.43891386936528,0.08344179624854241
4,synthetic,d15,2,d1,35.110330525429596,0.9301566080588131,32.48737652953242,2.622953995897177,0.0782294017720111,d15,4.43891386936528,0.5908999528013444
4,synthetic,d15,2,d15,36.9262903988977,0.9543789750757352,32.48737652953242,4.43891386936528,0.10245176878893325,d15,4.43891386936528,1.0
4,synthetic,d15,2,d2,36.4778072435979,0.9509171053613296,32.48737652953242,3.990430714065482,0.0989898990745276,d15,4.43891386936528,0.8989655648885284
4,synthetic,d15,2,d3,34.28787136847984,0.9090929735322514,32.48737652953242,1.8004948389474222,0.05716576724544942,d15,4.43891386936528,0.4056160790533372
4,synthetic,d15,2,d3n,33.161370728004705,0.894355095182786,32.48737652953242,0.6739941984722861,0.042427888895984034,d15,4.43891386936528,0.15183763828439875
4,synthetic,d15,3,noop,31.659753781708194,0.8226129378231478,31.659753781708194,0.0,0.0,d15,4.214858498909106,0.0
4,synthetic,d15,3,d0,32.25755901766495,0.8792292686961066,31.659753781708194,0.5978052359567592,0.05661633087295881,d15,4.214858498909106,0.14183281268196402
4,synthetic,d15,3,d1,33.60767360239522,0.8933559088527876,31.659753781708194,1.947919820687023,0.07074297102963978,d15,4.214858498909106,0.46215544868023106
4,synthetic,d15,3,d15,35.8746122806173,0.9367468833979307,31.659753781708194,4.214858498909106,0.11413394557478285,d15,4.214858498909106,1.0
4,synthetic,d15,3,d2,35.43330195735878,0.9301365474608023,31.659753781708194,3.7735481756505855,0.1075236096376545,d15,4.214858498909106,0.8952965269480007
4,synthetic,d15,3,d3,33.189378973016154,0.8767342265614881,31.659753781708194,1.5296251913079608,0.05412128873834032,d15,4.214858498909106,0.3629125845396376
4,synthetic,d15,3,d3n,32.42022825805234,0.8653694004436054,31.659753781708194,0.7604744763441467,0.042756462620457625,d15,4.214858498909106,0.18042704791654893
4,synthetic,d15,4,noop,30.875236947681984,0.7927276498387117,30.875236947681984,0.0,0.0,d15,3.6884533601859317,0.0
4,synthetic,d15,4,d0,31.309766018289917,0.8423376494075037,30.875236947681984,0.4345290706079332,0.049609999568791974,d15,3.6884533601859317,0.11780793415970671
4,synthetic,d15,4,d1,32.22262268084316,0.8504937604321561,30.875236947681984,1.3473857331611754,0.057766110593444386,d15,3.6884533601859317,0.3652982975751264
4,synthetic,d15,4,d15,34.563690307867915,0.909400968923815,30.875236947681984,3.6884533601859317,0.11667331908510326,d15,3.6884533601859317,1.0
4,synthetic,d15,4,d2,34.172917669412676,0.9007876584731357,30.875236947681984,3.2976807217306927,0.108060008634424,d15,3.6884533601859317,0.894055149870313
4,synthetic,d15,4,d3,32.09347263461547,0.8403094484464664,30.875236947681984,1.2182356869334896,0.04758179860775469,d15,3.6884533601859317,0.33028360886528313
4,synthetic,d15,4,d3n,31.59639287044185,0.8325172334433721,30.875236947681984,0.7211559227598663,0.03978958360466045,d15,3.6884533601859317,0.19551715918227403
4,synthetic,d15,5,noop,30.19960582249601,0.7650885471456768,30.19960582249601,0.0,0.0,d15,3.210443404112624,0.0
4,synthetic,d15,5,d0,30.42182631013539,0.8023465792814646,30.19960582249601,0.22222048763937963,0.03725803213578782,d15,3.210443404112624,0.06921800501286271
4,synthetic,d15,5,d1,31.110449608278945,0.8097802099643249,30.19960582249601,0.9108437857829337,0.044691662818648115,d15,3.210443404112624,0.2837127683410116
4,synthetic,d15,5,d15,33.410049226608635,0.8783496302911933,30.19960582249601,3.210443404112624,0.11326108314551653,d15,3.210443404112624,1.0
4,synthetic,d15,5,d2,33.05897028730509,0.8682756198697806,30.19960582249601,2.859364464809076,0.10318707272410388,d15,3.210443404112624,0.8906447194011236
4,synthetic,d15,5,d3,31.178571078878054,0.8058767297311288,30.19960582249601,0.9789652563820432,0.040788182585452026,d15,3.210443404112624,0.30493147928662273
4,synthetic,d15,5,d3n,30.850082262961518,0.8006677299963546,30.19960582249601,0.650476440465507,0.03557918285067785,d15,3.210443404112624,0.2026126483439133
4,synthetic,d15,all,noop,31.70173545586671,0.8215759453576216,31.70173545586671,0.0,0.0,d15,3.9521319676072366,0.0
4,synthetic,d15,all,d0,31.920770377468056,0.8647608937294411,31.70173545586671,0.2190349216013452,0.04318494837181952,d15,3.9521319676072366,0.055421965510417115
4,synthetic,d15,all,d1,33.69254795615326,0.8870254987568152,31.70173545586671,1.9908125002865518,0.06544955339919367,d15,3.9521319676072366,0.5037312813954089
4,synthetic,d15,all,d15,35.65386742347395,0.9281722527073583,31.70173545586671,3.9521319676072366,0.10659630734973669,d15,3.9521319676072366,1.0
4,synthetic,d15,all,d2,35.21516054019122,0.921857581987907,31.70173545586671,3.51342508432451,0.10028163663028544,d15,3.9521319676072366,0.8889948800094507
4,synthetic,d15,all,d3,33.180227358177795,0.8722939840324327,31.70173545586671,1.4784919023110845,0.05071803867481117,d15,3.9521319676072366,0.3740998312883304
4,synthetic,d15,all,d3n,32.32677802659872,0.8610564446830203,31.70173545586671,0.6250425707320062,0.039480499325398766,d15,3.9521319676072366,0.15815326407494168
4,synthetic,d2,1,noop,33.099825474018225,0.8708399743149537,33.099825474018225,0.0,0.0,d2,3.900428499571035,0.0
4,synthetic,d2,1,d0,32.772949190811374,0.8994940887034779,33.099825474018225,-0.32687628320685036,0.028654114388524166,d2,3.900428499571035,-0.08380522377036263
4,synthetic,d2,1,d1,36.13860817313754,0.9483427249098048,33.099825474018225,3.0387826991193165,0.07750275059485101,d2,3.900428499571035,0.7790894511855604
4,synthetic,d2,1,d15,37.537169151485244,0.9616249542281101,33.099825474018225,4.43734367746702,0.09078497991315637,d2,3.900428499571035,1.1376554340004013
4,synthetic,d2,1,d2,37.00025397358926,0.9590613416215064,33.099825474018225,3.900428499571035,0.08822136730655261,d2,3.900428499571035,1.0
4,synthetic,d2,1,d3,35.04749569530218,0.9267776456405299,33.099825474018225,1.947670221283957,0.055937671325576144,d2,3.900428499571035,0.4993477566626743
4,synthetic,d2,1,d3n,33.574710018534056,0.909669099799904,33.099825474018225,0.47488454451583095,0.03882912548495021,d2,3.900428499571035,0.1217518907391991
4,synthetic,d2,2,noop,31.986668344058902,0.836446158813199,31.986668344058902,0.0,0.0,d2,4.336368738452034,0.0
4,synthetic,d2,2,d0,32.55247531693866,0.8927445875926756,31.986668344058902,0.5658069728797592,0.05629842877947666,d2,4.336368738452034,0.13047944190321253
4,synthetic,d2,2,d1,34.26081599096737,0.9144296045090671,31.986668344058902,2.274147646908471,0.07798344569586813,d2,4.336368738452034,0.5244359472345703
4,synthetic,d2,2,d15,36.59036036495871,0.9485425868504483,31.986668344058902,4.6036920208998104,0.1120964280372494,d2,4.336368738452034,1.0616468060193616
4,synthetic,d2,2,d2,36.323037082510936,0.9472368979621941,31.986668344058902,4.336368738452034,0.11079073914899518,d2,4.336368738452034,1.0
4,synthetic,d2,2,d3,33.743831173534126,0.8942106788874792,31.986668344058902,1.7571628294752237,0.057764520074280234,d2,4.336368738452034,0.405215270070064
4,synthetic,d2,2,d3n,32.80633080782465,0.8797265572279271,31.986668344058902,0.8196624637657486,0.043280398414728194,d2,4.336368738452034,0.18902047155204468
4,synthetic,d2,3,noop,30.871981418770805,0.7939291349962844,30.871981418770805,0.0,0.0,d2,3.9842471415560006,0.0
4,synthetic,d2,3,d0,31.436355040465163,0.8528234583945691,30.871981418770805,0.564373621694358,0.05889432339828471,d2,3.9842471415560006,0.14165125847939958
4,synthetic,d2,3,d1,32.30180577184113,0.8583363137862912,30.871981418770805,1.4298243530703267,0.06440717879000679,d2,3.9842471415560006,0.35886939295435516
4,synthetic,d2,3,d15,34.83922144410756,0.9134203039683366,30.871981418770805,3.9672400253367535,0.11949116897205225,d2,3.9842471415560006,0.9957314103229538
4,synthetic,d2,3,d2,34.856228560326805,0.9160532344073197,30.871981418770805,3.9842471415560006,0.1221240994110353,d2,3.9842471415560006,1.0
4,synthetic,d2,3,d3,32.18753894268627,0.8432179010073554,30.871981418770805,1.3155575239154622,0.04928876601107102,d2,3.9842471415560006,0.3301897390335296
4,synthetic,d2,3,d3n,31.635932637783284,0.8320882539720462,30.871981418770805,0.7639512190124798,0.03815911897576185,d2,3.9842471415560006,0.19174292955986852
4,synthetic,d2,4,noop,29.88469731415941,0.752149725543956,29.88469731415941,0.0,0.0,d2,3.2853461361379104,0.0
4,synthetic,d2,4,d0,30.089621630207475,0.7937087005334841,29.88469731415941,0.20492431604806427,0.0415589749895281,d2,3.2853461361379104,0.0623752589701136
4,synthetic,d2,4,d1,30.68857190575398,0.797685976823171,29.88469731415941,0.8038745915945711,0.04553625127921501,d2,3.2853461361379104,0.24468490024602585
4,synthetic,d2,4,d15,32.887692823454806,0.8595075685429461,29.88469731415941,3.0029955092953955,0.1073578429989901,d2,3.2853461361379104,0.9140575710617718
4,synthetic,d2,4,d2,33.17004345029732,0.870306087970174,29.88469731415941,3.2853461361379104,0.11815636242621796,d2,3.2853461361379104,1.0
4,synthetic,d2,4,d3,30.79626756515861,0.7901549249397757,29.88469731415941,0.9115702509992012,0.0380051993958197,d2,3.2853461361379104,0.277465512985733
4,synthetic,d2,4,d3n,30.494582333094638,0.7824474161212713,29.88469731415941,0.609885018935227,0.03029769057731535,d2,3.2853461361379104,0.18563797958049483
4,synthetic,d2,5,noop,29.079958414606086,0.7160285514250327,29.079958414606086,0.0,0.0,d2,2.6418491522918828,0.0
4,synthetic,d2,5,d0,28.98743253609384,0.737230311847716,29.079958414606086,-0.09252587851224447,0.02120176042268329,d2,2.6418491522918828,-0.03502314976310268
4,synthetic,d2,5,d1,29.49185276980691,0.7451561592199825,29.079958414606086,0.4118943552008254,0.029127607794949717,d2,2.6418491522918828,0.1559113830717756
4,synthetic,d2,5,d15,31.26109485733677,0.8020802708115307,29.079958414606086,2.1811364427306827,0.08605171938649792,d2,2.6418491522918828,0.8256097593000274
4,synthetic,d2,5,d2,31.72180756689797,0.8200223685919958,29.079958414606086,2.6418491522918828,0.1039938171669631,d2,2.6418491522918828,1.0
4,synthetic,d2,5,d3,29.72576597330156,0.7443105929397361,29.079958414606086,0.6458075586954735,0.02828204151470337,d2,2.6418491522918828,0.2444528515699756
4,synthetic,d2,5,d3n,29.569818066162682,0.7399003044942595,29.079958414606086,0.4898596515565963,0.02387175306922673,d2,2.6418491522918828,0.18542302126963928
4,synthetic,d2,all,noop,30.984626193122686,0.7938787090186852,30.984626193122686,0.0,0.0,d2,3.629647933601774,0.0
4,synthetic,d2,all,d0,31.167766742903304,0.8352002294143845,30.984626193122686,0.18314054978061733,0.04132152039569936,d2,3.629647933601774,0.0504568357953338
4,synthetic,d2,all,d1,32.57633092230139,0.8527901558496633,30.984626193122686,1.5917047291787014,0.058911446830978154,d2,3.629647933601774,0.43852868330378814
4,synthetic,d2,all,d15,34.62310772826862,0.8970351368802744,30.984626193122686,3.638481535145935,0.10315642786158918,d2,3.629647933601774,1.0024337350910493
4,synthetic,d2,all,d2,34.61427412672446,0.902535986110638,30.984626193122686,3.629647933601774,0.10865727709195283,d2,3.629647933601774,1.0
4,synthetic,d2,all,d3,32.30017986999655,0.8397343486829753,30.984626193122686,1.3155536768738614,0.04585563966429007,d2,3.629647933601774,0.3624466342024557
4,synthetic,d2,all,d3n,31.616274772679862,0.8287663263230817,30.984626193122686,0.6316485795571758,0.03488761730439649,d2,3.629647933601774,0.17402475146683938
4,synthetic,d3,1,noop,31.34640475922347,0.8273718607341739,31.34640475922347,0.0,0.0,d3,0.5667081215012253,0.0
4,synthetic,d3,1,d0,28.852756002900747,0.7832314262731535,31.34640475922347,-2.493648756322724,-0.04414043446102045,d3,0.5667081215012253,-4.400234727035462
4,synthetic,d3,1,d1,31.35227655634634,0.8536328354575824,31.34640475922347,0.0058717971228681165,0.026260974723408492,d3,0.5667081215012253,0.010361236940302825
4,synthetic,d3,1,d15,31.022614541031384,0.8580091521157905,31.34640475922347,-0.3237902181920873,0.030637291381616638,d3,0.5667081215012253,-0.5713527050474558
4,synthetic,d3,1,d2,30.888107011105532,0.858437856981452,31.34640475922347,-0.4582977481179391,0.031065996247278127,d3,0.5667081215012253,-0.8087015709319567
4,synthetic,d3,1,d3,31.913112880724697,0.870001578079143,31.34640475922347,0.5667081215012253,0.04262971734496912,d3,0.5667081215012253,1.0
4,synthetic,d3,1,d3n,31.07203230557867,0.8584904541879752,31.34640475922347,-0.27437245364480134,0.031118593453801302,d3,0.5667081215012253,-0.4841512645309921
4,synthetic,d3,2,noop,29.31342315244003,0.7540500540268813,29.31342315244003,0.0,0.0,d3,0.4257778543821509,0.0
4,synthetic,d3,2,d0,27.185553243395308,0.6909221005425766,29.31342315244003,-2.1278699090447226,-0.06312795348430467,d3,0.4257778543821509,-4.997605880964591
4,synthetic,d3,2,d1,28.877600303793177,0.7555402985341112,29.31342315244003,-0.43582284864685406,0.0014902445072298987,d3,0.4257778543821509,-1.0235921012831435
4,synthetic,d3,2,d15,28.3820607279388,0.7558455693861689,29.31342315244003,-0.9313624245012306,0.0017955153592875694,d3,0.4257778543821509,-2.187437451045304
4,synthetic,d3,2,d2,28.26835433780867,0.7569720335493625,29.31342315244003,-1.0450688146313603,0.0029219795224811884,d3,0.4257778543821509,-2.454493120944176
4,synthetic,d3,2,d3,29.73920100682218,0.7968328841919071,29.31342315244003,0.4257778543821509,0.04278283016502582,d3,0.4257778543821509,1.0
4,synthetic,d3,2,d3n,29.10506399503896,0.7840875581732378,29.31342315244003,-0.2083591574010697,0.03003750414635653,d3,0.4257778543821509,-0.48936118977681703
4,synthetic,d3,3,noop,28.056601662076137,0.7003127377217924,28.056601662076137,0.0,0.0,d3,0.4428469796695609,0.0
4,synthetic,d3,3,d0,26.468233135384573,0.6433085430710809,28.056601662076137,-1.5883685266915641,-0.05700419465071149,d3,0.4428469796695609,-3.5867209207947113
4,synthetic,d3,3,d1,27.667933475691388,0.6954100006748812,28.056601662076137,-0.38866818638474854,-0.004902737046911132,d3,0.4428469796695609,-0.8776579817135957
4,synthetic,d3,3,d15,27.176684900024128,0.6921948710405771,28.056601662076137,-0.8799167620520087,-0.00811786668121528,d3,0.4428469796695609,-1.9869544164184572
4,synthetic,d3,3,d2,27.021817246557962,0.6922326409508924,28.056601662076137,-1.0347844155181747,-0.008080096770899936,d3,0.4428469796695609,-2.33666359492911
4,synthetic,d3,3,d3,28.499448641745698,0.7427157978328741,28.056601662076137,0.4428469796695609,0.04240306011108175,d3,0.4428469796695609,1.0
4,synthetic,d3,3,d3n,27.884678226524674,0.7280225730082239,28.056601662076137,-0.17192343555146294,0.02770983528643156,d3,0.4428469796695609,-0.3882231186938365
4,synthetic,d3,4,noop,27.205779590158954,0.6634803813541998,27.205779590158954,0.0,0.0,d3,0.4237640388023145,0.0
4,synthetic,d3,4,d0,25.944251037920026,0.6116886719081883,27.205779590158954,-1.2615285522389286,-0.051791709446011525,d3,0.4237640388023145,-2.9769599039229244
4,synthetic,d3,4,d1,26.88080503239878,0.6567567836440785,27.205779590158954,-0.32497455776017503,-0.006723597710121321,d3,0.4237640388023145,-0.7668762046884666
4,synthetic,d3,4,d15,26.466858423618085,0.6518320801378416,27.205779590158954,-0.7389211665408695,-0.011648301216358292,d3,0.4237640388023145,-1.743708995763974
4,synthetic,d3,4,d2,26.272544753562677,0.6508533997896692,27.205779590158954,-0.9332348365962773,-0.012626981564530682,d3,0.4237640388023145,-2.202251137764973
4,synthetic,d3,4,d3,27.62954362896127,0.7023998255964736,27.205779590158954,0.4237640388023145,0.03891944424227378,d3,0.4237640388023145,1.0
4,synthetic,d3,4,d3n,27.04236286682702,0.6889512862495973,27.205779590158954,-0.16341672333193458,0.025470904895397495,d3,0.4237640388023145,-0.3856314089175658
4,synthetic,d3,5,noop,26.57326365063448,0.6376866968395845,26.57326365063448,0.0,0.0,d3,0.36484530166840656,0.0
4,synthetic,d3,5,d0,25.47809396072173,0.5865955822183773,26.57326365063448,-1.0951696899127512,-0.05109111462120719,d3,0.36484530166840656,-3.0017371332579406
4,synthetic,d3,5,d1,26.2860541989322,0.6298855270046584,26.57326365063448,-0.2872094517022816,-0.007801169834926069,d3,0.36484530166840656,-0.7872088536946953
4,synthetic,d3,5,d15,25.9480441217915,0.6241180677411142,26.57326365063448,-0.6252195288429796,-0.01356862909847023,d3,0.36484530166840656,-1.713656516841258
4,synthetic,d3,5,d2,25.748823676310796,0.6249230454071587,26.57326365063448,-0.8244399743236848,-0.012763651432425749,d3,0.36484530166840656,-2.259697385586688
4,synthetic,d3,5,d3,26.938108952302887,0.6709089454686697,26.57326365063448,0.36484530166840656,0.033222248629085294,d3,0.36484530166840656,1.0
4,synthetic,d3,5,d3n,26.44004003641191,0.6600775166366581,26.57326365063448,-0.1332236142225689,0.02239081979707369,d3,0.36484530166840656,-0.3651509656650329
4,synthetic,d3,all,noop,28.499094562906613,0.7165803461353264,28.499094562906613,0.0,0.0,d3,0.44478845920473375,0.0
4,synthetic,d3,all,d0,26.785777476064474,0.6631492648026753,28.499094562906613,-1.7133170868421388,-0.053431081332651065,d3,0.44478845920473375,-3.851981883490165
4,synthetic,d3,all,d1,28.212933913432376,0.7182450890630624,28.499094562906613,-0.2861606494742368,0.001664742927735996,d3,0.44478845920473375,-0.6433634766196094
4,synthetic,d3,all,d15,27.79925254288078,0.7163999480842984,28.499094562906613,-0.6998420200258337,-0.00018039805102798567,d3,0.44478845920473375,-1.5734266605683225
4,synthetic,d3,all,d2,27.63992940506913,0.7166837953357069,28.499094562906613,-0.8591651578374844,0.00010344920038052319,d3,0.44478845920473375,-1.9316264621021006
4,synthetic,d3,all,d3,28.943883022111347,0.7565718062338135,28.499094562906613,0.44478845920473375,0.039991460098487086,d3,0.44478845920473375,1.0
4,synthetic,d3,all,d3n,28.308835486076248,0.7439258776511385,28.499094562906613,-0.19025907683036536,0.027345531515812094,d3,0.44478845920473375,-0.4277518287469552
4,synthetic,d3n,1,noop,29.147188432720345,0.7667396424521863,29.147188432720345,0.0,0.0,d3n,1.9567268916027096,0.0
4,synthetic,d3n,1,d0,21.030720127266896,0.29743336480478166,29.147188432720345,-8.116468305453449,-0.4693062776474046,d3n,1.9567268916027096,-4.147982194288462
4,synthetic,d3n,1,d1,26.39160065377822,0.5818674952568302,29.147188432720345,-2.7555877789421253,-0.18487214719535605,d3n,1.9567268916027096,-1.4082638669544154
4,synthetic,d3n,1,d15,22.213320585438904,0.36553327896995164,29.147188432720345,-6.933867847281441,-0.40120636348223465,d3n,1.9567268916027096,-3.5436053324754333
4,synthetic,d3n,1,d2,23.194629142653774,0.41719954048803715,29.147188432720345,-5.952559290066571,-0.34954010196414914,d3n,1.9567268916027096,-3.04210021112909
4,synthetic,d3n,1,d3,28.91785817285099,0.7712198606903005,29.147188432720345,-0.22933025986935363,0.004480218238114175,d3n,1.9567268916027096,-0.11720095474413117
4,synthetic,d3n,1,d3n,31.103915324323054,0.8476690086008797,29.147188432720345,1.9567268916027096,0.0809293661486934,d3n,1.9567268916027096,1.0
4,synthetic,d3n,2,noop,27.524552991983477,0.6954586274411197,27.524552991983477,0.0,0.0,d3n,1.6166445901360298,0.0
4,synthetic,d3n,2,d0,20.583736238613934,0.24537946556235704,27.524552991983477,-6.940816753369543,-0.45007916187876273,d3n,1.6166445901360298,-4.2933473415981425
4,synthetic,d3n,2,d1,25.247794289387446,0.5210078115264575,27.524552991983477,-2.2767587025960303,-0.17445081591466227,d3n,1.6166445901360298,-1.4083235836050125
4,synthetic,d3n,2,d15,21.62258553536285,0.3110341679644137,27.524552991983477,-5.901967456620625,-0.38442445947670606,d3n,1.6166445901360298,-3.6507513727083416
4,synthetic,d3n,2,d2,22.373345438639323,0.35537754907854285,27.524552991983477,-5.151207553344154,-0.3400810783625769,d3n,1.6166445901360298,-3.186357462100383
4,synthetic,d3n,2,d3,27.305123543896027,0.699587501547706,27.524552991983477,-0.21942944808744969,0.004128874106586244,d3n,1.6166445901360298,-0.13573140900993344
4,synthetic,d3n,2,d3n,29.141197582119506,0.7761790524178268,27.524552991983477,1.6166445901360298,0.08072042497670706,d3n,1.6166445901360298,1.0
4,synthetic,d3n,3,noop,26.48077915030466,0.6432300892836051,26.48077915030466,0.0,0.0,d3n,1.4734629809240793,0.0
4,synthetic,d3n,3,d0,20.378496486144446,0.2169352260266951,26.48077915030466,-6.102282664160214,-0.42629486325691,d3n,1.4734629809240793,-4.1414563807590055
4,synthetic,d3n,3,d1,24.504094309739664,0.47960232376912393,26.48077915030466,-1.976684840564996,-0.16362776551448122,d3n,1.4734629809240793,-1.3415232456843416
4,synthetic,d3n,3,d15,21.34333284798922,0.2786893273813064,26.48077915030466,-5.137446302315439,-0.3645407619022987,d3n,1.4734629809240793,-3.4866476924269247
4,synthetic,d3n,3,d2,21.956472240322633,0.3174983964881427,26.48077915030466,-4.524306909982027,-0.32573169279546244,d3n,1.4734629809240793,-3.070526350885732
4,synthetic,d3n,3,d3,26.281941847465408,0.6446883105266262,26.48077915030466,-0.1988373028392516,0.001458221243021085,d3n,1.4734629809240793,-0.13494557068176302
4,synthetic,d3n,3,d3n,27.95424213122874,0.7227435463932759,26.48077915030466,1.4734629809240793,0.07951345710967073,d3n,1.4734629809240793,1.0
4,synthetic,d3n,4,noop,25.759518318892646,0.6074884361042663,25.759518318892646,0.0,0.0,d3n,1.3753666153312274,0.0
4,synthetic,d3n,4,d0,20.222220218640537,0.19994100982804253,25.759518318892646,-5.537298100252109,-0.40754742627622376,d3n,1.3753666153312274,-4.02605242742392
4,synthetic,d3n,4,d1,23.9646452014547,0.45108689052957884,25.759518318892646,-1.7948731174379446,-0.15640154557468744,d3n,1.3753666153312274,-1.3050143121335602
4,synthetic,d3n,4,d15,21.153783748787895,0.2591586706615949,25.759518318892646,-4.605734570104751,-0.34832976544267136,d3n,1.3753666153312274,-3.3487322716463925
4,synthetic,d3n,4,d2,21.73696484113523,0.29613096974475284,25.759518318892646,-4.022553477757416,-0.31135746635951345,d3n,1.3753666153312274,-2.92471362392977
4,synthetic,d3n,4,d3,25.56782775019256,0.6059886200103402,25.759518318892646,-0.1916905687000856,-0.0014998160939261318,d3n,1.3753666153312274,-0.13937416145143314
4,synthetic,d3n,4,d3n,27.134884934223873,0.6851838943460178,25.759518318892646,1.3753666153312274,0.0776954582417515,d3n,1.3753666153312274,1.0
4,synthetic,d3n,5,noop,25.217173317922672,0.5824871072096164,25.217173317922672,0.0,0.0,d3n,1.3020469719255487,0.0
4,synthetic,d3n,5,d0,20.078210227858854,0.18852680713008269,25.217173317922672,-5.138963090063818,-0.3939603000795337,d3n,1.3020469719255487,-3.946833870719731
4,synthetic,d3n,5,d1,23.540783670989562,0.43033072614403955,25.217173317922672,-1.67638964693311,-0.15215638106557683,d3n,1.3020469719255487,-1.287503203094094
4,synthetic,d3n,5,d15,20.984978143575606,0.24619689528511163,25.217173317922672,-4.232195174347066,-0.33629021192450476,d3n,1.3020469719255487,-3.250416663607942
4,synthetic,d3n,5,d2,21.596124011115847,0.28408681335933333,25.217173317922672,-3.6210493068068246,-0.29840029385028305,d3n,1.3020469719255487,-2.7810435298288736
4,synthetic,d3n,5,d3,25.028049497111862,0.5786972412313094,25.217173317922672,-0.18912382081080992,-0.0037898659783069943,d3n,1.3020469719255487,-0.14525115060259441
4,synthetic,d3n,5,d3n,26.51922028984822,0.6574679497150189,25.217173317922672,1.3020469719255487,0.07498084250540249,d3n,1.3020469719255487,1.0
4,synthetic,d3n,all,noop,26.82584244236476,0.6590807804981588,26.82584244236476,0.0,0.0,d3n,1.5448496099839204,0.0
4,synthetic,d3n,all,d0,20.458676659704935,0.2296431746703918,26.82584244236476,-6.367165782659825,-0.42943760582776697,d3n,1.5448496099839204,-4.121544091742431
4,synthetic,d3n,all,d1,24.729783625069917,0.492779049445206,26.82584244236476,-2.0960588172948427,-0.16630173105295276,d3n,1.5448496099839204,-1.3568044447489356
4,synthetic,d3n,all,d15,21.463600172230894,0.29212246805247566,26.82584244236476,-5.362242270133866,-0.3669583124456831,d3n,1.5448496099839204,-3.47104484182747
4,synthetic,d3n,all,d2,22.17150713477336,0.33405865383176175,26.82584244236476,-4.654335307591399,-0.325022126666397,d3n,1.5448496099839204,-3.012808028374907
4,synthetic,d3n,all,d3,26.62016016230337,0.6600363068012565,26.82584244236476,-0.20568228006138867,0.0009555263030976979,d3n,1.5448496099839204,-0.13314064924645289
4,synthetic,d3n,all,d3n,28.37069205234868,0.7378486902946038,26.82584244236476,1.5448496099839204,0.07876790979644499,d3n,1.5448496099839204,1.0
