domain,column,strength,row,psnr_db_n,psnr_db_mean,psnr_db_min,psnr_db_max,psnr_db_range,ssim_n,ssim_mean,ssim_min,ssim_max,ssim_range,gain_db_n,gain_db_mean,gain_db_min,gain_db_max,gain_db_range,gain_ssim_n,gain_ssim_mean,gain_ssim_min,gain_ssim_max,gain_ssim_range,denominator_db_n,denominator_db_mean,denominator_db_min,denominator_db_max,denominator_db_range,retained_n,retained_mean,retained_min,retained_max,retained_range,source
synthetic,d0,1,d0,4,39.891069562265635,39.765265286584416,40.07107824692704,0.30581296034262095,4,0.974531340189909,0.9736382466302791,0.9755724039100145,0.001934157279735449,4,6.521546637564004,6.462272233022773,6.571502659757371,0.10923042673459804,4,0.11543847083934772,0.11227218297165886,0.11967541885487909,0.007403235883220227,4,6.521546637564004,6.462272233022773,6.571502659757371,0.10923042673459804,4,1.0,1.0,1.0,0.0,original_synthetic_results
synthetic,d0,1,d1,4,41.162700323574754,40.95223208002081,41.441973012288415,0.4897409322676012,4,0.9747094495162889,0.9731841225355444,0.9763194998329234,0.003135377297379005,4,7.793177398873123,7.758469453193769,7.833166998384151,0.07469754519038219,4,0.11561658016572773,0.11301927889456775,0.11922129476014443,0.006202015865576671,4,6.521546637564004,6.462272233022773,6.571502659757371,0.10923042673459804,4,1.1950927857740918,1.180623345206136,1.2121381947290901,0.031514849522954025,original_synthetic_results
synthetic,d0,1,d15,4,36.74172284429956,36.49472269622373,36.95732569985547,0.46260300363173457,4,0.9451910151407334,0.9427266634462025,0.9468926974081657,0.004166033961963245,4,3.3721999195979286,3.3009600693966874,3.452315908728643,0.15135583933195562,4,0.08609814579017214,0.08359247646981005,0.08876383567080248,0.005171359200992431,4,6.521546637564004,6.462272233022773,6.571502659757371,0.10923042673459804,4,0.5171086713691538,0.5023143473122422,0.5257892309000334,0.02347488358779115,original_synthetic_results
synthetic,d0,1,d2,4,36.49927438385075,36.236057373548334,36.68607443616983,0.4500170626214981,4,0.9428199984373766,0.9394859762930534,0.9449633371438219,0.005477360850768442,4,3.129751459149116,3.0422947467212893,3.2063249705161994,0.16403022379491006,4,0.08372712908681543,0.08166311620546618,0.08552314851765341,0.0038600323121872337,4,6.521546637564004,6.462272233022773,6.571502659757371,0.10923042673459804,4,0.4799357202563528,0.46295267676778434,0.4922756549756014,0.02932297820781704,original_synthetic_results
synthetic,d0,1,d3,4,34.99889671119382,34.84890316528893,35.13594817900322,0.28704501371429103,4,0.9141017387080865,0.9110661212603252,0.9157508485338278,0.004684727273502665,4,1.629373786492188,1.527142165098958,1.7598931359492411,0.23275097085028307,4,0.05500886935752525,0.05239360277641547,0.057103293484925155,0.004709690708509684,4,6.521546637564004,6.462272233022773,6.571502659757371,0.10923042673459804,4,0.24976971031704162,0.2363165942306065,0.26803249843892885,0.03171590420832235,original_synthetic_results
synthetic,d0,1,d3n,4,33.674640457642354,33.42271703979779,33.83302467632741,0.4103076365296232,4,0.9009297820566107,0.8964566299165359,0.9038381912394868,0.00738156132295098,4,0.30511753294072896,0.22421866242314792,0.4149277727913798,0.1907091103682319,4,0.04183691270604942,0.040537970301131154,0.042885726154029746,0.002347755852898592,4,6.521546637564004,6.462272233022773,6.571502659757371,0.10923042673459804,4,0.046763678085845785,0.03469656714202956,0.06319368224195482,0.02849711509992526,original_synthetic_results
synthetic,d0,1,noop,4,33.36952292470163,33.193762626827045,33.608806013904264,0.415043387077219,4,0.8590928693505613,0.8539628277754,0.8633002209383557,0.009337393162955676,4,0.0,0.0,0.0,0.0,4,0.0,0.0,0.0,0.0,4,6.521546637564004,6.462272233022773,6.571502659757371,0.10923042673459804,4,0.0,0.0,0.0,0.0,original_synthetic_results
synthetic,d0,2,d0,4,36.91665468817225,36.72577544055634,37.17377649441571,0.4480010538593717,4,0.9423793379442771,0.939784749617599,0.9455284874763847,0.005743737858785791,4,6.176778772142809,6.140248947444487,6.226709090040323,0.08646014259583623,4,0.17798641620049918,0.17485287125961324,0.1827017767552478,0.00784890549563455,4,6.176778772142809,6.140248947444487,6.226709090040323,0.08646014259583623,4,1.0,1.0,1.0,0.0,original_synthetic_results
synthetic,d0,2,d1,4,37.15447441214435,36.943380215783634,37.40314364473585,0.4597634289522148,4,0.9424049334542587,0.9398352821500089,0.9449071746644839,0.00507189251447504,4,6.414598496114909,6.358039140835615,6.484370781088099,0.12633164025248433,4,0.17801201171048087,0.17423155844771243,0.18275230928765773,0.008520750839945301,4,6.176778772142809,6.140248947444487,6.226709090040323,0.08646014259583623,4,1.0384901681546743,1.0354380101261347,1.045913036768038,0.010475026641903362,original_synthetic_results
synthetic,d0,2,d15,4,32.69560034124483,32.370960055427375,32.977191835143756,0.6062317797163814,4,0.8481891004279085,0.8400603488269546,0.8543257818423526,0.014265433015398066,4,1.9557244252153794,1.7856189804793559,2.0301244307683675,0.2445054502890116,4,0.0837961786841308,0.08278502380317265,0.08577214934316602,0.0029871255399933627,4,6.176778772142809,6.140248947444487,6.226709090040323,0.08646014259583623,4,0.3165852059643341,0.290796851519226,0.329925203485437,0.039128351966211006,original_synthetic_results
synthetic,d0,2,d2,4,32.798179862976916,32.58103115995166,33.02545845139195,0.4444272914402916,4,0.8416117205621363,0.8359932905939264,0.8457705530426312,0.009777262448704804,4,2.0583039469474684,1.9956900850036376,2.09962921568901,0.1039391306853723,4,0.07721879881835855,0.07509493682585966,0.0789103177315752,0.0038153809057155375,4,6.176778772142809,6.140248947444487,6.226709090040323,0.08646014259583623,4,0.3332332126823231,0.3250079662411518,0.3419452914140974,0.016937325172945605,original_synthetic_results
synthetic,d0,2,d3,4,31.6538003878215,31.46372089135255,31.878176087751076,0.41445519639852435,4,0.8035870156212239,0.7968042224057963,0.8097931278731342,0.012988905467337886,4,0.913924471792062,0.8783798164045322,0.9353444010220819,0.05696458461754972,4,0.0391940938774461,0.03784385036640736,0.04009376394356923,0.002249913577161866,4,6.176778772142809,6.140248947444487,6.226709090040323,0.08646014259583623,4,0.1479583609014381,0.14304848225790176,0.15233004541474876,0.009281563156847,original_synthetic_results
synthetic,d0,2,d3n,4,31.322223912535996,31.052822316129443,31.593807148284196,0.5409848321547521,4,0.8002200183795616,0.792627386923687,0.8072836898749983,0.014656302951311373,4,0.5823479965065541,0.4674812411814244,0.6467397439088067,0.1792585027273823,4,0.03582709663578376,0.03496259874301333,0.036608073658226825,0.0016454749152134962,4,6.176778772142809,6.140248947444487,6.226709090040323,0.08646014259583623,4,0.0942431833639768,0.07613162414042218,0.10386541824208115,0.027733794101658965,original_synthetic_results
synthetic,d0,2,noop,4,30.73987591602944,30.58534107494802,30.94706740437539,0.3617263294273698,4,0.7643929217437778,0.7570829728623512,0.7706756162167715,0.013592643354420342,4,0.0,0.0,0.0,0.0,4,0.0,0.0,0.0,0.0,4,6.176778772142809,6.140248947444487,6.226709090040323,0.08646014259583623,4,0.0,0.0,0.0,0.0,original_synthetic_results
synthetic,d0,3,d0,4,34.33087411632269,34.10580710146908,34.578830767170366,0.47302366570128385,4,0.8925429272065564,0.8877911236084682,0.8968228980409148,0.009031774432446515,4,5.192553944764808,5.10517458418725,5.263682226440718,0.15850764225346836,4,0.19510989652422325,0.19214830256963555,0.19874342676479484,0.006595124195159285,4,5.192553944764808,5.10517458418725,5.263682226440718,0.15850764225346836,4,1.0,1.0,1.0,0.0,original_synthetic_results
synthetic,d0,3,d1,4,34.41276583851013,34.19173422441796,34.66432616471125,0.47259194029329166,4,0.8913325547538197,0.8864812852071484,0.8954153432588622,0.008934058051713767,4,5.274445666952254,5.191101707136124,5.3491776239816,0.15807591684547617,4,0.1938995240714866,0.19042046836092452,0.19743358836347502,0.007013120002550499,4,5.192553944764808,5.10517458418725,5.263682226440718,0.15850764225346836,4,1.0157667885612025,1.0108896361997661,1.01910363268573,0.00821399648596377,original_synthetic_results
synthetic,d0,3,d15,4,30.99703636248876,30.787126097701524,31.232348169676015,0.4452220719744915,4,0.778693487919236,0.7725730413786123,0.7827820699567526,0.010209028578140322,4,1.8587161909308811,1.786493580419691,1.917199628946367,0.130706048526676,4,0.08126045723690292,0.0781074744854734,0.08454805560375034,0.006440581118276945,4,5.192553944764808,5.10517458418725,5.263682226440718,0.15850764225346836,4,0.3578962426892943,0.34993780348926173,0.3642316436421296,0.014293840152867887,original_synthetic_results
synthetic,d0,3,d2,4,31.203922737522202,30.993607745282528,31.455991094168365,0.46238334888583665,4,0.7769514069338174,0.7695839903192341,0.7837050736594088,0.0141210833401747,4,2.065602565964321,1.9929752280006952,2.1408425534387163,0.14786732543802117,4,0.07951837625148434,0.07857043004177011,0.08053629347556068,0.001965863433790571,4,5.192553944764808,5.10517458418725,5.263682226440718,0.15850764225346836,4,0.3977395822382964,0.39038336400359935,0.4067195665203266,0.01633620251672724,original_synthetic_results
synthetic,d0,3,d3,4,29.714931226437848,29.550548076002812,29.909562687582813,0.35901461158000103,4,0.7207450092034355,0.71251220497447,0.7285005833915141,0.015988378417044147,4,0.5766110548799661,0.5499155587209792,0.5944141468531647,0.044498588132185546,4,0.023311978521102478,0.022016724325285453,0.02394069370809293,0.0019239693828074778,4,5.192553944764808,5.10517458418725,5.263682226440718,0.15850764225346836,4,0.11102534539490755,0.1077172875584482,0.11292743772929191,0.005210150170843711,original_synthetic_results
synthetic,d0,3,d3n,4,29.550122578159876,29.295570274675395,29.819536065831432,0.5239657911560371,4,0.7200994526919384,0.7115009920991643,0.7287140567677681,0.01721306466860384,4,0.4118024066019954,0.2949377573935621,0.5043875251017838,0.20944976770822166,4,0.02266642200960539,0.021990795378383665,0.02403946129648893,0.0020486659181052636,4,5.192553944764808,5.10517458418725,5.263682226440718,0.15850764225346836,4,0.07915991367568113,0.05777231562405354,0.09582408348439543,0.03805176786034189,original_synthetic_results
synthetic,d0,3,noop,4,29.138320171557883,29.000632517281833,29.31514854072965,0.3145160234478155,4,0.6974330306823331,0.6890476968436734,0.7046745954712792,0.0156268986276058,4,0.0,0.0,0.0,0.0,4,0.0,0.0,0.0,0.0,4,5.192553944764808,5.10517458418725,5.263682226440718,0.15850764225346836,4,0.0,0.0,0.0,0.0,original_synthetic_results
synthetic,d0,4,d0,4,32.61338505519856,32.38100670648853,32.89473554870892,0.5137288422203952,4,0.8442698541849716,0.8378528164558008,0.8501937657230897,0.012340949267288903,4,4.559000117844568,4.449766700816269,4.686174531139681,0.23640783032341162,4,0.1899177992783885,0.18710798050286037,0.19226538039009333,0.005157399887232961,4,4.559000117844568,4.449766700816269,4.686174531139681,0.23640783032341162,4,1.0,1.0,1.0,0.0,original_synthetic_results
synthetic,d0,4,d1,4,30.194988570070393,29.994158347582033,30.36232192420064,0.3681635766186062,4,0.747165512224073,0.7382174718268041,0.7535517555894986,0.015334283762694523,4,2.1406036327164024,2.062918341909775,2.176023408594265,0.11310506668448994,4,0.09281345731749,0.09169990435312614,0.0946295873799794,0.002929683026853258,4,4.559000117844568,4.449766700816269,4.686174531139681,0.23640783032341162,4,0.46957650863619327,0.4595989526893702,0.4783713211068493,0.018772368417479146,original_synthetic_results
synthetic,d0,4,d15,4,29.77914285849974,29.62341901806039,29.953687425174625,0.3302684071142359,4,0.7211891743380607,0.7151878046513723,0.7248853347516956,0.00969753010032326,4,1.7247579211457458,1.6902627627890752,1.771463501800394,0.08120073901131875,4,0.06683711943147766,0.06303348351532312,0.07036603669325514,0.007332553177932022,4,4.559000117844568,4.449766700816269,4.686174531139681,0.23640783032341162,4,0.37836223656838397,0.3723989356369463,0.3881012535992875,0.015702317962341172,original_synthetic_results
synthetic,d0,4,d2,4,29.961017056545984,29.81605062439968,30.122263294094605,0.30621266969492567,4,0.7228687816850937,0.7160694316743126,0.728941900350958,0.012872468676645377,4,1.9066321191919906,1.8803058578769196,1.9477097236382583,0.06740386576133872,4,0.06851672677851062,0.06674010001135555,0.07048199560860513,0.003741895597249578,4,4.559000117844568,4.449766700816269,4.686174531139681,0.23640783032341162,4,0.41830631801591167,0.40837195964614437,0.4267141742538168,0.018342214607672436,original_synthetic_results
synthetic,d0,4,d3,4,28.439821299185667,28.288012146748287,28.595335859379297,0.30732371263101044,4,0.6684522827170447,0.6595513638518226,0.6762245215944281,0.016673157742605582,4,0.3854363618316743,0.3567721410760285,0.40612791768596423,0.04935577660993573,4,0.014100227810461635,0.013669055736477476,0.014395257361198288,0.0007262016247208125,4,4.559000117844568,4.449766700816269,4.686174531139681,0.23640783032341162,4,0.08453791399095104,0.08017771830837377,0.08954181929594277,0.009364100987568999,original_synthetic_results
synthetic,d0,4,d3n,4,28.322917774887166,28.079316428815815,28.573754710345202,0.49443828152938707,4,0.6683119589276082,0.6591467045562368,0.677208987650737,0.018062283094500198,4,0.2685328375331748,0.14807642314355718,0.3651936927759607,0.21711726963240352,4,0.013959904021025121,0.013179483198981323,0.015357136414364536,0.002177653215383213,4,4.559000117844568,4.449766700816269,4.686174531139681,0.23640783032341162,4,0.05861842079810429,0.03327734533057517,0.0779300238071042,0.04465267847652903,original_synthetic_results
synthetic,d0,4,noop,4,28.05438493735399,27.931240005672258,28.20856101756924,0.27732101189698355,4,0.6543520549065831,0.6455874360657075,0.6618518512363725,0.016264415170665014,4,0.0,0.0,0.0,0.0,4,0.0,0.0,0.0,0.0,4,4.559000117844568,4.449766700816269,4.686174531139681,0.23640783032341162,4,0.0,0.0,0.0,0.0,original_synthetic_results
synthetic,d0,5,d0,4,31.28654807874636,31.072692706506576,31.548656436042606,0.47596372953602994,4,0.7881071869313785,0.7795549400507564,0.7956197674705389,0.016064827419782435,4,4.034781052074585,3.931798625104303,4.159307072957358,0.22750844785305446,4,0.16214005804196324,0.15944493556980133,0.16448426823380968,0.005039332664008356,4,4.034781052074585,3.931798625104303,4.159307072957358,0.22750844785305446,4,1.0,1.0,1.0,0.0,original_synthetic_results
synthetic,d0,5,d1,4,28.20507627878848,28.044251945567243,28.315629268520876,0.2713773229536329,4,0.6633120232215941,0.6544601597864304,0.6696576909070283,0.015197531120597962,4,0.9533092521167035,0.9033578641649704,1.0066642782725737,0.10330641410760322,4,0.03734489433217891,0.03625659159931216,0.037990282231607386,0.0017336906322952261,4,4.034781052074585,3.931798625104303,4.159307072957358,0.22750844785305446,4,0.23638200351374633,0.2227005338119993,0.2527847386697382,0.03008420485773891,original_synthetic_results
synthetic,d0,5,d15,4,28.654741279356415,28.492681689911606,28.81580730187501,0.3231256119634054,4,0.6754738122912567,0.6676015907316141,0.6816358330104273,0.014034242278813225,4,1.4029742526846425,1.3517876085093334,1.4289305476515501,0.0771429391422167,4,0.0495066834018415,0.04782944972151759,0.05150353930086038,0.0036740895793427875,4,4.034781052074585,3.931798625104303,4.159307072957358,0.22750844785305446,4,0.3477410128277931,0.3429556687613162,0.3527412437945051,0.009785575033188887,original_synthetic_results
synthetic,d0,5,d2,4,28.79391871209672,28.69134808213498,28.88459177617176,0.19324369403678077,4,0.6776013252414548,0.671466022592755,0.6826273860282182,0.011161363435463145,4,1.5421516854249457,1.4952424130865118,1.588432781237394,0.09319036815088211,4,0.051634196352039585,0.049226286720502,0.05432344274341783,0.0050971560229158275,4,4.034781052074585,3.931798625104303,4.159307072957358,0.22750844785305446,4,0.3824609998769746,0.3594931527917611,0.3943370829912674,0.03484393019950632,original_synthetic_results
synthetic,d0,5,d3,4,27.51458102833929,27.3712608491423,27.64349408288517,0.27223323374287034,4,0.634879915266071,0.6258035181609678,0.6423894611805537,0.016585943019585936,4,0.26281400166751645,0.2303667677400263,0.29441570913227366,0.06404894139224737,4,0.008912786376655879,0.008660938311630617,0.009089420628799583,0.00042848231716896557,4,4.034781052074585,3.931798625104303,4.159307072957358,0.22750844785305446,4,0.0651515337623056,0.058590683222977905,0.07393110066543533,0.015340417442457427,original_synthetic_results
synthetic,d0,5,d3n,4,27.413808462018665,27.184710664704372,27.639041781895596,0.45433111719122365,4,0.634783050519869,0.6255685202644464,0.6433474083034925,0.017778888039046037,4,0.16204143534688864,0.04381658330209959,0.24969241881034776,0.20587583550824817,4,0.008815921630453805,0.008192028600868095,0.00994630899577631,0.0017542803949082142,4,4.034781052074585,3.931798625104303,4.159307072957358,0.22750844785305446,4,0.03982645274068401,0.011144157542131806,0.06003221556633255,0.048888058024200744,original_synthetic_results
synthetic,d0,5,noop,4,27.25176702667177,27.140894081402273,27.38934936308525,0.24845528168297548,4,0.6259671288894151,0.6171425798493372,0.6334010993077162,0.016258519458378973,4,0.0,0.0,0.0,0.0,4,0.0,0.0,0.0,0.0,4,4.034781052074585,3.931798625104303,4.159307072957358,0.22750844785305446,4,0.0,0.0,0.0,0.0,original_synthetic_results
synthetic,d0,all,d0,4,35.007706300141095,34.810109448320986,35.25341549865293,0.44330605033194104,4,0.8883661292914184,0.8837243752725807,0.8927474645241885,0.009023089251607774,4,5.296932104878153,5.239735387094701,5.359629030720168,0.11989364362546695,4,0.16811852817688439,0.16576223295268755,0.1711596725932869,0.005397439640599355,4,5.296932104878153,5.239735387094701,5.359629030720168,0.11989364362546695,4,1.0,1.0,1.0,0.0,original_synthetic_results
synthetic,d0,all,d1,4,34.22600108461762,34.025151362674336,34.437478802891405,0.41232744021706935,4,0.843784894634007,0.8384356643011872,0.8479702928505594,0.009534628549372148,4,4.515226889354678,4.4547773014480505,4.5557631630696065,0.10098586162155598,4,0.12353729351947282,0.1211896162164604,0.12587096162189337,0.004681345405432968,4,5.296932104878153,5.239735387094701,5.359629030720168,0.11989364362546695,4,0.852428575591208,0.8477624680580019,0.858400260143832,0.010637792085830045,original_synthetic_results
synthetic,d0,all,d15,4,31.773648737177858,31.553781911464924,31.987272086344973,0.43349017488004904,4,0.7937473180234391,0.7876298898069511,0.7981043433938788,0.010474453586927668,4,2.0628745419149146,1.9834078502386383,2.0934856184122133,0.11007776817357495,4,0.073499716908905,0.07132366675977986,0.07578265178007693,0.004458985020297068,4,5.296932104878153,5.239735387094701,5.359629030720168,0.11989364362546695,4,0.389415617140787,0.3785320638755361,0.39443325540390617,0.01590119152837005,original_synthetic_results
synthetic,d0,all,d2,4,31.85126255059851,31.663618997063434,32.0348758103993,0.37125681333586513,4,0.7923706465719758,0.7865197422946563,0.7972016500450076,0.010681907750351383,4,2.1404883553355676,2.0932449358371485,2.1722832621543056,0.07903832631715701,4,0.07212304545744172,0.0704209734109087,0.07395503961536243,0.003534066204453734,4,5.296932104878153,5.239735387094701,5.359629030720168,0.11989364362546695,4,0.404101332773446,0.3994846154825838,0.4093032167376647,0.009818601255080883,original_synthetic_results
synthetic,d0,all,d3,4,30.464406130595624,30.304489025706975,30.632503379320315,0.32801435361334086,4,0.7483531923031724,0.7411474861306764,0.7545203035508803,0.013372817420203909,4,0.753631935332681,0.734114964480689,0.7952558121226225,0.061140847641933505,4,0.028105591188638285,0.02758360679116545,0.028582783451382543,0.0009991766602170937,4,5.296932104878153,5.239735387094701,5.359629030720168,0.11989364362546695,4,0.14229136652399088,0.1378298585878611,0.15058547053068141,0.012755611942820322,original_synthetic_results
synthetic,d0,all,d3n,4,30.056742637048814,29.80702734482456,30.291832876536766,0.48480553171220464,4,0.7448688525151176,0.7370600467520141,0.7520784667672965,0.015018420015282419,4,0.3459684417858675,0.23665328359827598,0.39804640860400653,0.16139312500573055,4,0.024621251400583494,0.024203604713851856,0.02529779013319755,0.0010941854193456946,4,5.296932104878153,5.239735387094701,5.359629030720168,0.11989364362546695,4,0.06523784282733332,0.04516512115881756,0.07426752977164941,0.02910240861283185,original_synthetic_results
synthetic,d0,all,noop,4,29.710774195262942,29.570374061226286,29.89378646793276,0.3234124067064741,4,0.720247601114534,0.7125647026792938,0.726780676634099,0.014215973954805117,4,0.0,0.0,0.0,0.0,4,0.0,0.0,0.0,0.0,4,5.296932104878153,5.239735387094701,5.359629030720168,0.11989364362546695,4,0.0,0.0,0.0,0.0,original_synthetic_results
synthetic,d1,1,d0,4,31.11894666339956,30.808321222296343,31.526728529217188,0.7184073069208452,4,0.870218789693036,0.8635606066945573,0.8809599156983359,0.017399309003778618,4,-3.4414377094678015,-3.6868003087648233,-2.9789855899352204,0.7078147188296029,4,-0.03196385446694813,-0.03857341841912609,-0.022005674301189826,0.016567744117936267,4,2.587554313272758,2.5157291734722307,2.6286019883059097,0.11287281483367906,4,-1.3312142259651103,-1.4271743095855791,-1.1332965596115703,0.29387774997400884,original_synthetic_results
synthetic,d1,1,d1,4,37.14793868614012,37.00194432361585,37.30886956156699,0.3069252379511411,4,0.9561373114616929,0.9548042635514703,0.9572742778258704,0.0024700142744000786,4,2.587554313272758,2.5157291734722307,2.6286019883059097,0.11287281483367906,4,0.053954667301708836,0.05199962224199173,0.056447957608621535,0.0044483353666298076,4,2.587554313272758,2.5157291734722307,2.6286019883059097,0.11287281483367906,4,1.0,1.0,1.0,0.0,original_synthetic_results
synthetic,d1,1,d15,4,35.366692172411504,35.23647211101693,35.5106945521395,0.2742224411225678,4,0.9504016112238368,0.9489337263196846,0.9517758145466657,0.0028420882269810654,4,0.8063077995441361,0.7175541640447349,0.8671442747653515,0.14959011072061656,4,0.048218967063852786,0.04650115896278706,0.05057742037683588,0.004076261414048821,4,2.587554313272758,2.5157291734722307,2.6286019883059097,0.11287281483367906,4,0.3112994728060334,0.28522711093514114,0.32988800838738297,0.04466089745224183,original_synthetic_results
synthetic,d1,1,d2,4,35.00907297204706,34.911704434676906,35.079161702187406,0.16745726751049972,4,0.9490499216391164,0.9477922034487478,0.9499376779723042,0.002145474523556401,4,0.44868859917969495,0.2860213140926433,0.5323595750835537,0.24633826099091038,4,0.046867277479132274,0.04465819292784856,0.04943589750589905,0.00477770457805049,4,2.587554313272758,2.5157291734722307,2.6286019883059097,0.11287281483367906,4,0.17279147943270282,0.11369320557581096,0.20298927929582863,0.08929607372001767,original_synthetic_results
synthetic,d1,1,d3,4,34.62063709925294,34.48388648843542,34.75404353522359,0.2701570467881709,4,0.9330829433289936,0.9311231222622831,0.9348539269362257,0.0037308046739426004,4,0.06025272638557766,-0.03909685287117526,0.12450515641743465,0.1636020092886099,4,0.030900299169009465,0.02957927135234706,0.032766816319434344,0.0031875449670872857,4,2.587554313272758,2.5157291734722307,2.6286019883059097,0.11287281483367906,4,0.022863077478444554,-0.015540962550119594,0.04736554144420934,0.06290650399432893,original_synthetic_results
synthetic,d1,1,d3n,4,32.7333897819225,32.54726514073045,32.82810072250424,0.2808355817737862,4,0.9144812176422117,0.9115248546410055,0.9174887241276469,0.005963869486641404,4,-1.8269945909448637,-2.01006978030496,-1.6776133966481694,0.3324563836567904,4,0.012298573482227626,0.010741340915362052,0.014523134128121229,0.003781793212759177,4,2.587554313272758,2.5157291734722307,2.6286019883059097,0.11287281483367906,4,-0.7070037137828982,-0.7990008628514828,-0.6382150679758724,0.1607857948756104,original_synthetic_results
synthetic,d1,1,noop,4,34.56038437286736,34.37934485959335,34.79314038809476,0.4137955285014101,4,0.9021826441599842,0.8983563059428488,0.9052746555838787,0.006918349641029886,4,0.0,0.0,0.0,0.0,4,0.0,0.0,0.0,0.0,4,2.587554313272758,2.5157291734722307,2.6286019883059097,0.11287281483367906,4,0.0,0.0,0.0,0.0,original_synthetic_results
synthetic,d1,2,d0,4,35.533419492994256,35.38709223321906,35.71519591174775,0.3281036785286915,4,0.9419824211383998,0.9401729449755709,0.9435684280440281,0.0033954830684571613,4,2.6885409604296253,2.6417516649273054,2.741999082149732,0.1002474172224268,4,0.0907896724471802,0.08798795203647702,0.09428232286457727,0.006294370828100249,4,3.688274621641165,3.6784814030463693,3.7009628302705266,0.022481427224157358,4,0.7289231912028162,0.7181636592588218,0.7408880358707365,0.02272437661191473,original_synthetic_results
synthetic,d1,2,d1,4,36.5331531542058,36.36391460114242,36.75192564986681,0.38801104872439396,4,0.9470017370404042,0.9447064191466765,0.9491355775779402,0.00442915843126368,4,3.688274621641165,3.6784814030463693,3.7009628302705266,0.022481427224157358,4,0.09580898834918467,0.09355510157038915,0.09881579703568288,0.00526069546529373,4,3.688274621641165,3.6784814030463693,3.7009628302705266,0.022481427224157358,4,1.0,1.0,1.0,0.0,original_synthetic_results
synthetic,d1,2,d15,4,34.859779279339946,34.65372958868322,35.07735961591694,0.42363002723372034,4,0.9269591325697304,0.9238382054550547,0.9291451861377054,0.005306980682650675,4,2.014900746775318,1.9787694916702776,2.06984243332041,0.09107294165013258,4,0.07576638387851081,0.07356471013015431,0.07794758334406104,0.004382873213906735,4,3.688274621641165,3.6784814030463693,3.7009628302705266,0.022481427224157358,4,0.5462868987280606,0.5364038752592938,0.5592713378234907,0.022867462564196916,original_synthetic_results
synthetic,d1,2,d2,4,34.70877103147309,34.48926111642184,34.88704240001983,0.39778128359799325,4,0.9251145415122084,0.9214693633883212,0.9276126626175893,0.006143299229268151,4,1.8638924989084629,1.8135981531993863,1.9259938477215925,0.11239569452220621,4,0.07392179282098874,0.0720321866100383,0.07557874127732755,0.003546554667289259,4,3.688274621641165,3.6784814030463693,3.7009628302705266,0.022481427224157358,4,0.505338317323839,0.49181984146942875,0.5204034560868069,0.028583614617378184,original_synthetic_results
synthetic,d1,2,d3,4,33.874060204091265,33.72127720685072,34.027912832985464,0.30663562613474227,4,0.900502764010185,0.8970969367195183,0.9025165246853806,0.0054195879658622825,4,1.0291816715266346,0.9544685861650208,1.1323152330027426,0.17784664683772178,4,0.04931001531896542,0.04693604867782952,0.05120631460852465,0.004270265930695127,4,3.688274621641165,3.6784814030463693,3.7009628302705266,0.022481427224157358,4,0.27900222201334235,0.2594735385571254,0.30595152800277503,0.046477989445649626,original_synthetic_results
synthetic,d1,2,d3n,4,32.76684480021627,32.52033678153311,32.92074464896475,0.4004078674316389,4,0.888724106366141,0.8840904382640767,0.8917561763720893,0.007665738108012521,4,-0.07803373234835753,-0.15462331547983155,0.011585971451090415,0.16620928693092196,4,0.037531357674921384,0.03617570036453821,0.03849458928723071,0.002318888922692497,4,3.688274621641165,3.6784814030463693,3.7009628302705266,0.022481427224157358,4,-0.02118664050983701,-0.04191521345864896,0.0031305289954083448,0.045045742454057305,original_synthetic_results
synthetic,d1,2,noop,4,32.844878532564636,32.67496009701294,33.07344424682044,0.39848414980750135,4,0.8511927486912195,0.8458906221109936,0.855580476007551,0.00968985389655741,4,0.0,0.0,0.0,0.0,4,0.0,0.0,0.0,0.0,4,3.688274621641165,3.6784814030463693,3.7009628302705266,0.022481427224157358,4,0.0,0.0,0.0,0.0,original_synthetic_results
synthetic,d1,3,d0,4,35.150357408073056,34.9600642094142,35.358821144999474,0.3987569355852756,4,0.929933745617805,0.9273101205669099,0.9329327635082281,0.005622642941318201,4,4.100373218723277,4.0655739337401755,4.122916360237227,0.057342426497051235,4,0.14815539027726665,0.145143579658768,0.1524741868457884,0.007330607187020388,4,4.351689894565791,4.333482202419564,4.402365602842515,0.06888340042295127,4,0.9422711891284509,0.936522936117606,0.9497668153154679,0.013243879197861963,original_synthetic_results
synthetic,d1,3,d1,4,35.401674083915566,35.229343949797006,35.59767425358016,0.36833030378315357,4,0.9312604489099094,0.928632514286489,0.9336821658846358,0.005049651598146854,4,4.351689894565791,4.333482202419564,4.402365602842515,0.06888340042295127,4,0.14948209356937112,0.14589298203517576,0.1537965805653675,0.007903598530191736,4,4.351689894565791,4.333482202419564,4.402365602842515,0.06888340042295127,4,1.0,1.0,1.0,0.0,original_synthetic_results
synthetic,d1,3,d15,4,32.67414524364841,32.400109849849215,32.92371695988615,0.5236071100369344,4,0.8597117785730819,0.8524954789681054,0.8651339518576161,0.012638472889510699,4,1.6241610542986287,1.505619574175192,1.6925531565739966,0.18693358239880453,4,0.07793342323254354,0.07713639499951264,0.07959298467552156,0.0024565896760089245,4,4.351689894565791,4.333482202419564,4.402365602842515,0.06888340042295127,4,0.37323196628225797,0.34732881138826577,0.3905757719805503,0.043246960592284556,original_synthetic_results
synthetic,d1,3,d2,4,32.72300562765985,32.520848563467396,32.928848923338414,0.4080003598710178,4,0.8538500583215264,0.8486416993118787,0.8579086853584773,0.009266986046598591,4,1.673021438310073,1.6263582877933729,1.7202672530259484,0.09390896523257553,4,0.07207170298098803,0.07011950150901725,0.07380576559075724,0.0036862640817399983,4,4.351689894565791,4.333482202419564,4.402365602842515,0.06888340042295127,4,0.384466889480061,0.3751818192853797,0.3969711129920994,0.021789293706719726,original_synthetic_results
synthetic,d1,3,d3,4,31.920344847954013,31.734265190088692,32.129958208648254,0.3956930185595624,4,0.8238763976809477,0.8176826863865337,0.8291371491705308,0.011454462783997088,4,0.8703606586042314,0.8397749144146687,0.9143852952904119,0.07461038087574323,4,0.042098042340409425,0.04134658412555836,0.0428508672495963,0.0015042831240379417,4,4.351689894565791,4.333482202419564,4.402365602842515,0.06888340042295127,4,0.20002512831395042,0.19372624257831955,0.21100474227859353,0.01727849970027398,original_synthetic_results
synthetic,d1,3,d3n,4,31.513226443258432,31.238824082495462,31.776228696796256,0.5374046143007938,4,0.8192899893540092,0.812005330998573,0.825868716682067,0.01386338568349399,4,0.4632422539086525,0.34433380682143877,0.5146125420941985,0.17027873527275972,4,0.03751163401347091,0.03671289612149975,0.03808470982232548,0.0013718137008257303,4,4.351689894565791,4.333482202419564,4.402365602842515,0.06888340042295127,4,0.10643379820196565,0.07943377855565185,0.11868211411358805,0.03924833555793619,original_synthetic_results
synthetic,d1,3,noop,4,31.04998418934978,30.894490275674023,31.261616154702057,0.36712587902803406,4,0.7817783553405384,0.7748359337211215,0.7877891838494601,0.01295325012833859,4,0.0,0.0,0.0,0.0,4,0.0,0.0,0.0,0.0,4,4.351689894565791,4.333482202419564,4.402365602842515,0.06888340042295127,4,0.0,0.0,0.0,0.0,original_synthetic_results
synthetic,d1,4,d0,4,33.91080063864268,33.73535769108875,34.11215722276571,0.37679953167695857,4,0.9001671303787744,0.8963132103004366,0.9040200932876605,0.007706882987223884,4,4.214648317085845,4.180340349439163,4.232322408470189,0.05198205903102604,4,0.1769145001214006,0.17374882665458424,0.18107407220512495,0.007325245550540704,4,4.3016699455348535,4.267340538132359,4.328743633216533,0.06140309508417374,4,0.9797746275026238,0.977725355688321,0.9826478124231045,0.004922456734783531,original_synthetic_results
synthetic,d1,4,d1,4,33.997822267091685,33.82235787978195,34.20227851778129,0.3799206379993407,4,0.8996347992763619,0.8961060158299728,0.9034143601840651,0.007308344354092222,4,4.3016699455348535,4.267340538132359,4.328743633216533,0.06140309508417374,4,0.17638216901898818,0.1730573019705528,0.18086687773466115,0.007809575764108345,4,4.3016699455348535,4.267340538132359,4.328743633216533,0.06140309508417374,4,1.0,1.0,1.0,0.0,original_synthetic_results
synthetic,d1,4,d15,4,31.308804942508537,31.056264751953698,31.574095846185102,0.5178310942314042,4,0.8043292432659536,0.7967802192067877,0.8102705429977095,0.013490323790921854,4,1.6126526209517076,1.50124741030411,1.686481661908502,0.1852342516043919,4,0.08107661300857968,0.07939479847954323,0.08337129607866633,0.003976497599123108,4,4.3016699455348535,4.267340538132359,4.328743633216533,0.06140309508417374,4,0.3748343314182849,0.3517992990925315,0.390872042771081,0.039072743678549515,original_synthetic_results
synthetic,d1,4,d2,4,31.495649301493913,31.295546179041615,31.732900757946318,0.43735457890470286,4,0.800397154304082,0.7937517123910742,0.8060763383051599,0.012324625914085674,4,1.7994969799370875,1.7405288373920271,1.8452865736697177,0.10475773627769058,4,0.0771445240467081,0.07580507167208361,0.07851257429576253,0.0027075026236789146,4,4.3016699455348535,4.267340538132359,4.328743633216533,0.06140309508417374,4,0.4183049363765077,0.40787202751664753,0.42767789821806146,0.01980587070141393,original_synthetic_results
synthetic,d1,4,d3,4,30.344090252395656,30.173587212002893,30.560371094466376,0.38678388246348305,4,0.7522600909728007,0.74459305369798,0.7597660101495438,0.015172956451563802,4,0.6479379308388253,0.6185698703533049,0.6727569101897757,0.054187039836470774,4,0.029007460715426897,0.02738221312413347,0.02979897061843828,0.002416757494304811,4,4.3016699455348535,4.267340538132359,4.328743633216533,0.06140309508417374,4,0.15060967043246834,0.14495441946239138,0.15592334842031919,0.01096892895792781,original_synthetic_results
synthetic,d1,4,d3n,4,30.13282468354388,29.882207992267162,30.396803683965977,0.5145956916988155,4,0.7509104914262992,0.7428380017017535,0.7589711512982006,0.01613314959644707,4,0.43667236198704984,0.3271906506175739,0.5091894996893771,0.1819988490718032,4,0.02765786116892538,0.027010289977693835,0.028699884665124298,0.0016895946874304624,4,4.3016699455348535,4.267340538132359,4.328743633216533,0.06140309508417374,4,0.10144890094004196,0.07667319907887453,0.11801369940538943,0.0413405003265149,original_synthetic_results
synthetic,d1,4,noop,4,29.69615232155683,29.555017341649588,29.8876141842766,0.3325968426270123,4,0.7232526302573737,0.7152391380953117,0.7302712666330763,0.015032128537764589,4,0.0,0.0,0.0,0.0,4,0.0,0.0,0.0,0.0,4,4.3016699455348535,4.267340538132359,4.328743633216533,0.06140309508417374,4,0.0,0.0,0.0,0.0,original_synthetic_results
synthetic,d1,5,d0,4,32.82646059827982,32.62824856879006,33.053022438371684,0.424773869581621,4,0.8661964049883819,0.8610452492863919,0.8710628933134213,0.010017644027029426,4,4.141511860419526,4.069950598954037,4.1956179300944,0.1256673311403631,4,0.1860402043370051,0.18303170778237954,0.18948147641381186,0.006449768631432318,4,4.080694078307919,4.019997072533258,4.139713542920326,0.11971647038706834,4,1.0149390262999818,1.004710640038715,1.0232669069763356,0.01855626693762069,original_synthetic_results
synthetic,d1,5,d1,4,32.765642816168224,32.578295042369284,32.973369062540115,0.3950740201708314,4,0.8559706512614486,0.850131735614208,0.8604325097827284,0.010300774168520488,4,4.080694078307919,4.019997072533258,4.139713542920326,0.11971647038706834,4,0.17581445061007178,0.17236266753571228,0.1795474290805803,0.0071847615448680235,4,4.080694078307919,4.019997072533258,4.139713542920326,0.11971647038706834,4,1.0,1.0,1.0,0.0,original_synthetic_results
synthetic,d1,5,d15,4,30.369353699769214,30.199401436210238,30.582973040907596,0.38357160469735874,4,0.7555000518517299,0.7497593740678169,0.7590505968041263,0.009291222736309446,4,1.6844049619089114,1.6411034663742115,1.7255685326303123,0.08446506625610084,4,0.07534385120035306,0.07139783010376455,0.07887905135540896,0.00748122125164441,4,4.080694078307919,4.019997072533258,4.139713542920326,0.11971647038706834,4,0.4127282039147593,0.4082349904150669,0.4192379477231337,0.01100295730806683,original_synthetic_results
synthetic,d1,5,d2,4,30.55807344373956,30.36729143921758,30.791912855587096,0.424621416369515,4,0.7553851308665697,0.7478705550555332,0.7624150388271596,0.014544483771626315,4,1.8731247058792562,1.808993469381555,1.9345083473098121,0.1255148779282571,4,0.07522893021519286,0.07394995119151182,0.07630678218295317,0.00235683099144135,4,4.080694078307919,4.019997072533258,4.139713542920326,0.11971647038706834,4,0.45897077219242266,0.44999870316860513,0.470001216435714,0.02000251326710889,original_synthetic_results
synthetic,d1,5,d3,4,29.166078237844914,29.0104755956802,29.349579393449524,0.3391037977693223,4,0.6995368028289144,0.6909863305819426,0.7074351316228719,0.016448801040929273,4,0.48112949998461296,0.4521776258441754,0.49217488517223984,0.039997259328064416,4,0.01938060217753748,0.018445520266431537,0.019871965811845804,0.0014264455454142677,4,4.080694078307919,4.019997072533258,4.139713542920326,0.11971647038706834,4,0.11788423822822697,0.11248207839097488,0.12097860292025031,0.008496524529275434,original_synthetic_results
synthetic,d1,5,d3n,4,29.02200731078056,28.77597969538729,29.2855506888018,0.5095709934145098,4,0.6991850142261707,0.6903001117720291,0.7080888180329766,0.01778870626094753,4,0.3370585729202542,0.21768172555126242,0.42814618052451436,0.21046445497325195,4,0.019028813574793857,0.018279282714832923,0.020436051332614835,0.0021567686177819123,4,4.080694078307919,4.019997072533258,4.139713542920326,0.11971647038706834,4,0.08244687666905844,0.054149722406162656,0.10402086190977787,0.049871139503615214,original_synthetic_results
synthetic,d1,5,noop,4,28.684948737860303,28.558297969836026,28.857404508277284,0.2991065384412579,4,0.6801562006513768,0.6715637728725801,0.6876527667003618,0.016088993827781728,4,0.0,0.0,0.0,0.0,4,0.0,0.0,0.0,0.0,4,4.080694078307919,4.019997072533258,4.139713542920326,0.11971647038706834,4,0.0,0.0,0.0,0.0,original_synthetic_results
synthetic,d1,all,d0,4,33.707996960277875,33.503816784961685,33.90067916082105,0.3968623758593637,4,0.9016996983632795,0.8976955796407422,0.9048604882916375,0.007164908650895252,4,2.3407273294380957,2.2913946762084976,2.448292644824594,0.1568979686160965,4,0.11398718254318088,0.11154681853677184,0.11651842509217103,0.004971606555399188,4,3.8019765706644986,3.7867490505881136,3.8277618310776163,0.04101278048950263,4,0.6156763432377602,0.6001383664160085,0.6440814509699584,0.04394308455394991,original_synthetic_results
synthetic,d1,all,d1,4,35.16924620150428,34.9991711593413,35.366823409067074,0.36765224972577215,4,0.9180009895899633,0.9148761896857633,0.920787778251048,0.00591158856528462,4,3.8019765706644986,3.7867490505881136,3.8277618310776163,0.04101278048950263,4,0.13028847376986488,0.12747410849618235,0.13369903513719217,0.00622492664100982,4,3.8019765706644986,3.7867490505881136,3.8277618310776163,0.04101278048950263,4,1.0,1.0,1.0,0.0,original_synthetic_results
synthetic,d1,all,d15,4,32.91575506753552,32.70919554754266,33.133768003007056,0.4245724554643928,4,0.8593803634968665,0.8543614008034899,0.8630752184687646,0.008713817665274681,4,1.5484854366957421,1.496773438789475,1.5849155642769581,0.08814212548748301,4,0.07166784767676795,0.06976154871389895,0.0731842462549187,0.003422697541019759,4,3.8019765706644986,3.7867490505881136,3.8277618310776163,0.04101278048950263,4,0.40727784851014814,0.3952660762024919,0.41694963159827203,0.021683555395780152,original_synthetic_results
synthetic,d1,all,d2,4,32.898914475282695,32.716930346565064,33.08397332781581,0.36704298125074786,4,0.8567593613287006,0.851905106719111,0.8607891147240226,0.008884008004911625,4,1.5316448444429138,1.5045082378118764,1.5683844185162066,0.06387618070433021,4,0.06904684550860199,0.06747544496915703,0.07072795217053984,0.003252507201382815,4,3.8019765706644986,3.7867490505881136,3.8277618310776163,0.04101278048950263,4,0.4028456716450796,0.39730867235002376,0.41260072160571537,0.015292049255691609,original_synthetic_results
synthetic,d1,all,d3,4,31.985042128307757,31.824698338611586,32.16437301295464,0.33967467434305476,4,0.8218517997643682,0.8162964259296516,0.8267417485129106,0.010445322583259031,4,0.6177724974679775,0.589729116520413,0.6619080506259571,0.0721789341055441,4,0.03413928394426974,0.03342807875804499,0.0351192713810804,0.001691192623035409,4,3.8019765706644986,3.7867490505881136,3.8277618310776163,0.04101278048950263,4,0.16248903126292602,0.1555119198750626,0.1741306124319165,0.01861869255685389,original_synthetic_results
synthetic,d1,all,d3n,4,31.233658603944328,30.992922738482694,31.432479665263717,0.4395569267810231,4,0.8145181638029664,0.8081517474754876,0.8201441576312966,0.011992410155808986,4,-0.13361102689545312,-0.21949937027049415,-0.06944898398275257,0.1500503862877416,4,0.02680564798286783,0.026076686652333536,0.02734082447579045,0.0012641378234569123,4,3.8019765706644986,3.7867490505881136,3.8277618310776163,0.04101278048950263,4,-0.03517985052863784,-0.05796512188638539,-0.01827020248847963,0.03969491939790576,original_synthetic_results
synthetic,d1,all,noop,4,31.36726963083978,31.212422108753188,31.574643896434228,0.3622217876810403,4,0.7877125158200985,0.7811771545485712,0.7933136697548656,0.01213651520629444,4,0.0,0.0,0.0,0.0,4,0.0,0.0,0.0,0.0,4,3.8019765706644986,3.7867490505881136,3.8277618310776163,0.04101278048950263,4,0.0,0.0,0.0,0.0,original_synthetic_results
synthetic,d15,1,d0,4,32.5899733962784,32.277828695807656,32.87854260380872,0.6007139080010617,4,0.8970487041163772,0.8912626662612521,0.9049012086205156,0.013638542359263539,4,-0.49376285214666815,-0.6485433839968167,-0.14847320474958536,0.5000701792472313,4,0.025288375666826596,0.021061757106176526,0.0319912366171603,0.010929479510983775,4,4.156822784788316,4.126587429770304,4.207990705463246,0.08140327569294215,4,-0.11865861686638896,-0.15649882828261677,-0.0359796580773886,0.12051917020522818,original_synthetic_results
synthetic,d15,1,d1,4,36.25279900584706,36.068382920815914,36.41166336381939,0.34328044300347926,4,0.9496306714409486,0.9474162003132099,0.9513410064759948,0.0039248061627849,4,3.1690627574219867,3.1249591659044427,3.2301223973377233,0.10516323143328066,4,0.07787034299139795,0.07581762078222531,0.08026037976775369,0.004442758985528372,4,4.156822784788316,4.126587429770304,4.207990705463246,0.08140327569294215,4,0.7624563695693741,0.7426250162214711,0.7785988781605369,0.03597386193906571,original_synthetic_results
synthetic,d15,1,d15,4,37.24055903321339,37.070450288656176,37.494694903378196,0.4242446147220207,4,0.9598527014493099,0.9583192994337126,0.9619848058481172,0.0036655064144045513,4,4.156822784788316,4.126587429770304,4.207990705463246,0.08140327569294215,4,0.08809237299975933,0.08646142015434766,0.09116347888825638,0.0047020587339087205,4,4.156822784788316,4.126587429770304,4.207990705463246,0.08140327569294215,4,1.0,1.0,1.0,0.0,original_synthetic_results
synthetic,d15,1,d2,4,36.81238512765519,36.64392146258287,36.93280554328166,0.2888840806987929,4,0.9577986492652059,0.9559335828051321,0.9591709787744871,0.003237395969355017,4,3.7286488792301196,3.6461013453667093,3.7786716335816024,0.13257028821489314,4,0.08603832081565535,0.08364759308071756,0.08877776225967582,0.005130169178958255,4,4.156822784788316,4.126587429770304,4.207990705463246,0.08140327569294215,4,0.8971268883985443,0.8664708647366939,0.9141386725456455,0.047667807808951634,original_synthetic_results
synthetic,d15,1,d3,4,34.98900465705824,34.849413098975525,35.15184273589944,0.3024296369239181,4,0.9271414785756658,0.9247585795854739,0.9294565418908294,0.004697962305355463,4,1.9052684086331642,1.8651385379844925,1.939751553410069,0.07461301542557663,4,0.055381150126115275,0.05393315619705985,0.05760275904001766,0.0036696028429578087,4,4.156822784788316,4.126587429770304,4.207990705463246,0.08140327569294215,4,0.4584184524264151,0.44323732359080026,0.47006190621727373,0.02682458262647347,original_synthetic_results
synthetic,d15,1,d3n,4,33.52091769370816,33.30481616561961,33.61465075641176,0.3098345907921498,4,0.9107690006242818,0.9072087125767004,0.9141025099312784,0.006893797354577957,4,0.4371814452830858,0.31911181561823554,0.5876349478534593,0.2685231322352237,4,0.03900867217473131,0.036849378655214204,0.0411925379279231,0.004343159272708896,4,4.156822784788316,4.126587429770304,4.207990705463246,0.08140327569294215,4,0.10532261428861392,0.07583472444554876,0.14240215622577237,0.06656743178022362,original_synthetic_results
synthetic,d15,1,noop,4,33.083736248425076,32.92637207980447,33.28670419791495,0.3603321181104775,4,0.8717603284495505,0.8671558205454563,0.8755233856937695,0.008367565148313272,4,0.0,0.0,0.0,0.0,4,0.0,0.0,0.0,0.0,4,4.156822784788316,4.126587429770304,4.207990705463246,0.08140327569294215,4,0.0,0.0,0.0,0.0,original_synthetic_results
synthetic,d15,2,d0,4,32.718510215404365,32.47430843371181,32.891395066395276,0.41708663268346413,4,0.8980856497530313,0.8936775752412321,0.9031945626810473,0.009516987439815106,4,0.4224565884714977,0.33659276308588204,0.6370190513662379,0.3004262882803559,4,0.050321127624480155,0.04763963464560084,0.05409302799259241,0.006453393346991576,4,4.375317605932832,4.319601704951182,4.43891386936528,0.11931216441409731,4,0.09663553536672848,0.0779221757182092,0.14646489977787974,0.06854272405967055,original_synthetic_results
synthetic,d15,2,d1,4,34.94779625839239,34.73172990969089,35.110330525429596,0.37860061573870496,4,0.928337069071596,0.9252987087948221,0.9301566080588131,0.004857899263990939,4,2.6517426314595216,2.594014239064961,2.717203667869029,0.1231894288040678,4,0.0805725469430448,0.0782294017720111,0.08272626535993222,0.004496863587921118,4,4.375317605932832,4.319601704951182,4.43891386936528,0.11931216441409731,4,0.6061058037630834,0.5908999528013444,0.6184655693358296,0.027565616534485193,original_synthetic_results
synthetic,d15,2,d15,4,36.6713712328657,36.45731737557711,36.9262903988977,0.46897302332058644,4,0.9522077619549869,0.9500947945274657,0.9543789750757352,0.004284180548269512,4,4.375317605932832,4.319601704951182,4.43891386936528,0.11931216441409731,4,0.10444323982643561,0.10245176878893325,0.1075223510925758,0.005070582303642546,4,4.375317605932832,4.319601704951182,4.43891386936528,0.11931216441409731,4,1.0,1.0,1.0,0.0,original_synthetic_results
synthetic,d15,2,d2,4,36.31112753853677,36.10839536102725,36.4778072435979,0.3694118825706525,4,0.9491793141951963,0.9468811546357025,0.9509171053613296,0.004035950725627013,4,4.015073911603903,3.970679690401319,4.056270666704492,0.08559097630317325,4,0.10141479206664511,0.0989898990745276,0.10430871120081264,0.005318812126285044,4,4.375317605932832,4.319601704951182,4.43891386936528,0.11931216441409731,4,0.9177493628124375,0.8989655648885284,0.929556308879135,0.030590743990606573,original_synthetic_results
synthetic,d15,2,d3,4,34.1220576762644,33.96822963589234,34.28787136847984,0.31964173258749895,4,0.9062017101337507,0.9030324332087253,0.9090929735322514,0.006060540323526098,4,1.8260040493315284,1.8004948389474222,1.8526127610683076,0.052117922120885396,4,0.05843718800519945,0.05716576724544942,0.060459989773835376,0.0032942225283859594,4,4.375317605932832,4.319601704951182,4.43891386936528,0.11931216441409731,4,0.4174210473812849,0.4056160790533372,0.4259570287499755,0.0203409496966383,original_synthetic_results
synthetic,d15,2,d3n,4,33.057923385115785,32.834850875424664,33.161370728004705,0.32651985258004146,4,0.8926656326644219,0.8883880013423346,0.896189413200658,0.007801411858323393,4,0.7618697581829217,0.6739941984722861,0.8765685574440525,0.20257435897176634,4,0.04490111053587065,0.042427888895984034,0.047087878512203196,0.004659989616219162,4,4.375317605932832,4.319601704951182,4.43891386936528,0.11931216441409731,4,0.17420202325689657,0.15183763828439875,0.20154267857315808,0.04970504028875933,original_synthetic_results
synthetic,d15,2,noop,4,32.29605362693287,32.13771567062593,32.48737652953242,0.3496608589064891,4,0.8477645221285512,0.8425724434348899,0.851927206286802,0.009354762851912057,4,0.0,0.0,0.0,0.0,4,0.0,0.0,0.0,0.0,4,4.375317605932832,4.319601704951182,4.43891386936528,0.11931216441409731,4,0.0,0.0,0.0,0.0,original_synthetic_results
synthetic,d15,3,d0,4,32.129091072499435,31.944872619736362,32.25755901766495,0.31268639792859076,4,0.876380305390246,0.8722226435582683,0.8795568157130171,0.0073341721547488525,4,0.6580981211403323,0.5978052359567592,0.7797752109172222,0.18196997496046308,4,0.058672124867609726,0.05661633087295881,0.06037916957142775,0.00376283869846894,4,4.112540987073719,4.0440108457245785,4.214858498909106,0.1708476531845271,4,0.1602630710211545,0.14183281268196402,0.19282223531660866,0.05098942263464465,original_synthetic_results
synthetic,d15,3,d1,4,33.42806252885775,33.21529171401906,33.60767360239522,0.39238188837615695,4,0.890445000806372,0.8861280383050721,0.8933559088527876,0.007227870547715454,4,1.9570695774986548,1.895413947844169,2.012163371233875,0.11674942338970595,4,0.07273682028373576,0.07074297102963978,0.0742845643182316,0.0035415932885918266,4,4.112540987073719,4.0440108457245785,4.214858498909106,0.1708476531845271,4,0.47596790734925193,0.46215544868023106,0.48782786334888845,0.025672414668657384,original_synthetic_results
synthetic,d15,3,d15,4,35.58353393843282,35.373434733180375,35.8746122806173,0.5011775474369244,4,0.9328702259091364,0.930026802658475,0.9367468833979307,0.006720080739455625,4,4.112540987073719,4.0440108457245785,4.214858498909106,0.1708476531845271,4,0.11516204538650007,0.11223726622777086,0.1181833286716345,0.005946062443863642,4,4.112540987073719,4.0440108457245785,4.214858498909106,0.1708476531845271,4,1.0,1.0,1.0,0.0,original_synthetic_results
synthetic,d15,3,d2,4,35.20586644600081,35.02003666515082,35.43330195735878,0.41326529220796004,4,0.9266444126096214,0.9240768815318183,0.9301365474608023,0.006059665928983993,4,3.7348734946417155,3.7001588989759284,3.7735481756505855,0.07338927667465711,4,0.10893623208698514,0.10693296634785932,0.11223340754497779,0.005300441197118477,4,4.112540987073719,4.0440108457245785,4.214858498909106,0.1708476531845271,4,0.908311450615719,0.8952965269480007,0.9189298836038806,0.023633356655879956,original_synthetic_results
synthetic,d15,3,d3,4,33.0017127127184,32.83194984077848,33.189378973016154,0.3574291322376766,4,0.8727229168936274,0.8683306351318046,0.8767342265614881,0.008403591429683499,4,1.5307197613592978,1.5120720746035872,1.5559259175716917,0.04385384296810457,4,0.05501473637099105,0.05412128873834032,0.056487161144964104,0.0023658724066237813,4,4.112540987073719,4.0440108457245785,4.214858498909106,0.1708476531845271,4,0.37232625888862103,0.3629125845396376,0.3847482059096485,0.021835621370010883,original_synthetic_results
synthetic,d15,3,d3n,4,32.28202222959898,32.04524513674454,32.42022825805234,0.37498312130779965,4,0.8628171712203412,0.857738957813648,0.8661791635978097,0.008440205784161714,4,0.8110292782398778,0.72536737056965,0.9033752352917332,0.1780078647220833,4,0.045108990697704854,0.042756462620457625,0.04697680731383058,0.004220344693372957,4,4.112540987073719,4.0440108457245785,4.214858498909106,0.1708476531845271,4,0.19734234890515984,0.17894589282299053,0.22338595759375926,0.04444006477076873,original_synthetic_results
synthetic,d15,3,noop,4,31.4709929513591,31.31987776617489,31.659753781708194,0.33987601553330293,4,0.8177081805226363,0.8118434739868405,0.8226129378231478,0.01076946383630728,4,0.0,0.0,0.0,0.0,4,0.0,0.0,0.0,0.0,4,4.112540987073719,4.0440108457245785,4.214858498909106,0.1708476531845271,4,0.0,0.0,0.0,0.0,original_synthetic_results
synthetic,d15,4,d0,4,31.176286070462442,31.00784988063042,31.309766018289917,0.30191613765949654,4,0.838075324956636,0.8332804403198717,0.8423376494075037,0.009057209087631968,4,0.4785319307183524,0.4345290706079332,0.5359275998431521,0.10139852923521886,4,0.050973676886177405,0.049609999568791974,0.05249721109307426,0.002887211524282285,4,3.5743237641019467,3.4874536383877484,3.6884533601859317,0.20099972179818337,4,0.13409990441973582,0.11780793415970671,0.15367303924674156,0.035865105087034846,original_synthetic_results
synthetic,d15,4,d1,4,32.04461274483305,31.844473442650738,32.22262268084316,0.37814923819242097,4,0.8463594447937419,0.8412250193211954,0.8504937604321561,0.009268741110960654,4,1.3468586050889657,1.2893549975542982,1.3869650786135672,0.09761008105926905,4,0.059257796723283324,0.057766110593444386,0.060441790094397985,0.0026756795009535983,4,3.5743237641019467,3.4874536383877484,3.6884533601859317,0.20099972179818337,4,0.37692917943054877,0.3652982975751264,0.3910384918141233,0.025740194238996927,original_synthetic_results
synthetic,d15,4,d15,4,34.27207790384604,34.05534400617572,34.563690307867915,0.5083463016921925,4,0.9030919398140296,0.8984370306833809,0.909400968923815,0.010963938240434068,4,3.5743237641019467,3.4874536383877484,3.6884533601859317,0.20099972179818337,4,0.11599029174357106,0.11203867069198548,0.11765380145658344,0.005615130764597964,4,3.5743237641019467,3.4874536383877484,3.6884533601859317,0.20099972179818337,4,1.0,1.0,1.0,0.0,original_synthetic_results
synthetic,d15,4,d2,4,33.922223198168915,33.77236150159522,34.172917669412676,0.40055616781745584,4,0.8946357706531318,0.8919591483291885,0.9007876584731357,0.008828510143947144,4,3.224469058424826,3.1621501601611115,3.2976807217306927,0.1355305615695812,4,0.10753412258267317,0.1043781643631223,0.11117591910239111,0.006797754739268802,4,3.5743237641019467,3.4874536383877484,3.6884533601859317,0.20099972179818337,4,0.9023421892355518,0.8894387639867319,0.9191530660974758,0.029714302110743884,original_synthetic_results
synthetic,d15,4,d3,4,31.91033015194347,31.742746896519908,32.09347263461547,0.35072573809556573,4,0.8352456547283882,0.8300745152839473,0.8403094484464664,0.010234933162519111,4,1.2125760121993796,1.1876284514234676,1.241048143287962,0.05341969186449447,4,0.04814400665792953,0.04751876340010486,0.04929128605714983,0.0017725226570449726,4,3.5743237641019467,3.4874536383877484,3.6884533601859317,0.20099972179818337,4,0.33944173298965497,0.33028360886528313,0.35586082912393907,0.02557722025865594,original_synthetic_results
synthetic,d15,4,d3n,4,31.43475703183101,31.199909262321366,31.59639287044185,0.39648360812048367,4,0.8287851792381307,0.8230786471663506,0.8325172334433721,0.009438586277021543,4,0.7370028920869194,0.6447908172249264,0.8052610430298301,0.16047022580490378,4,0.04168353116767218,0.03978958360466045,0.043028009592210426,0.0032384259875499755,4,3.5743237641019467,3.4874536383877484,3.6884533601859317,0.20099972179818337,4,0.20628783025167985,0.18421407591404118,0.23090229334263,0.04668821742858881,original_synthetic_results
synthetic,d15,4,noop,4,30.697754139744088,30.55511844509644,30.875236947681984,0.32011850258554375,4,0.7871016480704587,0.7807832292267974,0.7927276498387117,0.011944420611914253,4,0.0,0.0,0.0,0.0,4,0.0,0.0,0.0,0.0,4,3.5743237641019467,3.4874536383877484,3.6884533601859317,0.20099972179818337,4,0.0,0.0,0.0,0.0,original_synthetic_results
synthetic,d15,5,d0,4,30.269666022119853,30.093760813144453,30.42182631013539,0.3280654969909378,4,0.7964047784109072,0.7900634775181331,0.8023465792814646,0.012283101763331472,4,0.24287260796006027,0.20781305608615241,0.27974260345963486,0.07192954737348245,4,0.03760096871062252,0.03725803213578782,0.03832348634939231,0.0010654542136044887,4,3.039849582324461,2.9189317466843328,3.210443404112624,0.2915116574282912,4,0.0800818549857994,0.06921800501286271,0.09557108998961764,0.026353084976754926,original_synthetic_results
synthetic,d15,5,d1,4,30.92895787996205,30.733199715771025,31.110449608278945,0.37724989250791907,4,0.8043184032582847,0.7979294699990134,0.8097802099643249,0.011850739965311496,4,0.9021644658022563,0.8472519587127252,0.93596191585344,0.08870995714071483,4,0.04551459355800014,0.044691662818648115,0.04643669263000638,0.0017450298113582674,4,3.039849582324461,2.9189317466843328,3.210443404112624,0.2915116574282912,4,0.29701808895778375,0.2837127683410116,0.3124634475086709,0.028750679167659277,original_synthetic_results
synthetic,d15,5,d15,4,33.066642996484255,32.80487950374263,33.410049226608635,0.6051697228660018,4,0.8686392419431284,0.8613196701818788,0.8783496302911933,0.017029960109314457,4,3.039849582324461,2.9189317466843328,3.210443404112624,0.2915116574282912,4,0.10983543224284384,0.10401328870009252,0.11326108314551653,0.009247794445424007,4,3.039849582324461,2.9189317466843328,3.210443404112624,0.2915116574282912,4,1.0,1.0,1.0,0.0,original_synthetic_results
synthetic,d15,5,d2,4,32.763366517605235,32.59961100582785,33.05897028730509,0.4593592814772336,4,0.8592494646525917,0.855768942365624,0.8682756198697806,0.012506677504156682,4,2.736573103445437,2.6544861240014406,2.859364464809076,0.20487834080763534,4,0.10044565495230709,0.09590749426037815,0.10402895119688316,0.008121456936505012,4,3.039849582324461,2.9189317466843328,3.210443404112624,0.2915116574282912,4,0.9008468107079841,0.8761886839930026,0.9296768421707879,0.053488158177785294,original_synthetic_results
synthetic,d15,5,d3,4,30.989838019478043,30.81040329301861,31.178571078878054,0.36816778585944476,4,0.7998581581931209,0.7933927173345862,0.8058767297311288,0.01248401239654262,4,0.9630446053182506,0.924455535960309,0.9880785082266073,0.0636229722662982,4,0.04105434849283621,0.04031508469115874,0.041652726165845366,0.0013376414746866239,4,3.039849582324461,2.9189317466843328,3.210443404112624,0.2915116574282912,4,0.3172022731391052,0.30493147928662273,0.337566530298479,0.032635051011856264,original_synthetic_results
synthetic,d15,5,d3n,4,30.65940035573332,30.414368855650995,30.850082262961518,0.4357134073105229,4,0.7958572497849173,0.789208160719961,0.8006677299963546,0.011459569276393577,4,0.6326069415735267,0.5284210985926947,0.6796585327695865,0.15123743417689184,4,0.03705344008463271,0.03557918285067785,0.03785260580340155,0.0022734229527237027,4,3.039849582324461,2.9189317466843328,3.210443404112624,0.2915116574282912,4,0.2080922934646331,0.1810323585650599,0.23219812068027154,0.05116576211521165,original_synthetic_results
synthetic,d15,5,noop,4,30.026793414159794,29.8859477570583,30.19960582249601,0.3136580654377106,4,0.7588038097002846,0.7517399911687408,0.7650885471456768,0.01334855597693596,4,0.0,0.0,0.0,0.0,4,0.0,0.0,0.0,0.0,4,3.039849582324461,2.9189317466843328,3.210443404112624,0.2915116574282912,4,0.0,0.0,0.0,0.0,original_synthetic_results
synthetic,d15,all,d0,4,31.7767053553529,31.559724088606142,31.920770377468056,0.3610462888619139,4,0.8611989525254395,0.8561013605797515,0.8652546816673423,0.009153321087590816,4,0.26163927922871455,0.19471774485413462,0.41679825216733235,0.22208050731319773,4,0.04457125475114329,0.042697495644361205,0.047120206081185945,0.004422710436824739,4,3.8517709448442545,3.7868819804231,3.9521319676072366,0.16524998718413642,4,0.06813991236206117,0.051413627883719754,0.11006370262449118,0.05865007474077143,original_synthetic_results
synthetic,d15,all,d1,4,33.52044568357846,33.318615540589526,33.69254795615326,0.37393241556373624,4,0.8838181178741886,0.8795994873466626,0.8870254987568152,0.007426011410152644,4,2.0053796074542785,1.9536091968375189,2.0564832861815283,0.10287408934400943,4,0.06719042009989237,0.06544955339919367,0.06878049567411759,0.0033309422749239204,4,3.8517709448442545,3.7868819804231,3.9521319676072366,0.16524998718413642,4,0.5207654029314489,0.5037312813954089,0.5335823659035067,0.029851084508097814,original_synthetic_results
synthetic,d15,all,d15,4,35.36683702096844,35.152285181466404,35.65386742347395,0.5015822420075438,4,0.9233323742141182,0.9196395194969826,0.9281722527073583,0.00853273321037562,4,3.8517709448442545,3.7868819804231,3.9521319676072366,0.16524998718413642,4,0.10670467643982198,0.10366103170211494,0.10882052782443763,0.005159496122322693,4,3.8517709448442545,3.7868819804231,3.9521319676072366,0.16524998718413642,4,1.0,1.0,1.0,0.0,original_synthetic_results
synthetic,d15,all,d2,4,35.00299376559339,34.8288651992368,35.21516054019122,0.386295340954419,4,0.9175015222751494,0.9149239419334931,0.921857581987907,0.006933640054413881,4,3.487927689469199,3.463858855484794,3.51342508432451,0.04956622883971562,4,0.10087382450085317,0.09862879888393516,0.10410495026094813,0.005476151377012961,4,3.8517709448442545,3.7868819804231,3.9521319676072366,0.16524998718413642,4,0.9057339342487578,0.8889948800094507,0.9162147920129746,0.027219912003523916,original_synthetic_results
synthetic,d15,all,d3,4,33.00258864349251,32.840548553036975,33.180227358177795,0.3396788051408208,4,0.8682339837049106,0.8639177761089074,0.8722939840324327,0.008376207923525336,4,1.487522567368325,1.475542209284967,1.5154833767129254,0.03994116742795839,4,0.051606285930614254,0.05071803867481117,0.0530987844363624,0.0023807457615512284,4,3.8517709448442545,3.7868819804231,3.9521319676072366,0.16524998718413642,4,0.38635268849169396,0.3740998312883304,0.4001929250891531,0.026093093800822698,original_synthetic_results
synthetic,d15,all,d3n,4,32.191004139197446,31.959838059152236,32.32677802659872,0.3669399674464806,4,0.8581788467064185,0.853124495923799,0.8613620434160701,0.008237547492271124,4,0.6759380630732652,0.5948317154002289,0.7704996632777288,0.17566794787749984,4,0.041551148932122334,0.039480499325398766,0.04322756782991377,0.0037470685045150054,4,3.8517709448442545,3.7868819804231,3.9521319676072366,0.16524998718413642,4,0.1756255200380402,0.15706044917442807,0.20346545449817333,0.04640500532374525,original_synthetic_results
synthetic,d15,all,noop,4,31.515066076124185,31.365006343752007,31.70173545586671,0.33672911211470336,4,0.8166276977742963,0.810818991672545,0.8215759453576216,0.010756953685076565,4,0.0,0.0,0.0,0.0,4,0.0,0.0,0.0,0.0,4,3.8517709448442545,3.7868819804231,3.9521319676072366,0.16524998718413642,4,0.0,0.0,0.0,0.0,original_synthetic_results
synthetic,d2,1,d0,4,32.60729788344809,32.29737238780993,32.88008571065162,0.5827133228416912,4,0.8969727028697041,0.8911650943588203,0.9046100241171965,0.01344492975837619,4,-0.29188475429445937,-0.4463528349254062,0.03654676805663826,0.4828996029820445,4,0.029984484700963626,0.026014666157149424,0.0364014628538506,0.010386796696701173,4,3.973013933709435,3.900428499571035,4.025885537734055,0.12545703816302023,4,-0.07364553445724736,-0.11286683265456686,0.009111507526837473,0.12197834018140433,original_synthetic_results
synthetic,d2,1,d1,4,35.97721988641169,35.79149917924908,36.13860817313754,0.3471089938884617,4,0.9465402225869151,0.944233300450822,0.9483427249098048,0.004109424458982769,4,3.0780372486691405,3.0387826991193165,3.1388488998771322,0.1000662007578157,4,0.07955200441817464,0.07750275059485101,0.08193590149633201,0.004433150901480998,4,3.973013933709435,3.900428499571035,4.025885537734055,0.12545703816302023,4,0.7747472705289876,0.7695587756431456,0.7796667020105629,0.010107926367417308,original_synthetic_results
synthetic,d2,1,d15,4,37.272105668160876,37.096511447530396,37.537169151485244,0.44065770395484805,4,0.9594642266028994,0.9579187121525616,0.9616249542281101,0.0037062420755484826,4,4.3729230304183275,4.33450153893228,4.43734367746702,0.10284213853474,4,0.09247600843415901,0.09078497991315637,0.09562131319807166,0.004836333284915284,4,3.973013933709435,3.900428499571035,4.025885537734055,0.12545703816302023,4,1.1009262074331438,1.080638466741152,1.1376554340004013,0.05701696725924932,original_synthetic_results
synthetic,d2,1,d2,4,36.87219657145199,36.69841079711914,37.00025397358926,0.30184317647012193,4,0.9576560996599586,0.9557853551649711,0.9590613416215064,0.0032759864565352625,4,3.973013933709435,3.900428499571035,4.025885537734055,0.12545703816302023,4,0.09066788149121816,0.08822136730655261,0.09348795621048112,0.005266588903928504,4,3.973013933709435,3.900428499571035,4.025885537734055,0.12545703816302023,4,1.0,1.0,1.0,0.0,original_synthetic_results
synthetic,d2,1,d3,4,34.87946134784987,34.742187480299684,35.04749569530218,0.3053082150024977,4,0.9243316829986304,0.9218788762719419,0.9267776456405299,0.0048987693685880185,4,1.980278710107319,1.947670221283957,2.0111026174586826,0.06343239617472562,4,0.057343464829890056,0.055937671325576144,0.05958147731745189,0.003643805991875748,4,3.973013933709435,3.900428499571035,4.025885537734055,0.12545703816302023,4,0.49847275763969817,0.4878131098649281,0.5053403665032808,0.01752725663835275,original_synthetic_results
synthetic,d2,1,d3n,4,33.4908600041374,33.270611685811076,33.58841950941766,0.31780782360658577,4,0.9082079725949208,0.9045251038376714,0.9117302198710296,0.007205116033358272,4,0.5916773663948494,0.47488454451583095,0.7448805668226797,0.2699960223068487,4,0.04121975442618034,0.03882912548495021,0.043521658607683755,0.004692533122733544,4,3.973013933709435,3.900428499571035,4.025885537734055,0.12545703816302023,4,0.14867685856321441,0.1217518907391991,0.18570684227622253,0.06395495153702342,original_synthetic_results
synthetic,d2,1,noop,4,32.89918263774255,32.743725222735335,33.099825474018225,0.35610025128288925,4,0.8669882181687404,0.86229739895449,0.8708399743149537,0.008542575360463767,4,0.0,0.0,0.0,0.0,4,0.0,0.0,0.0,0.0,4,3.973013933709435,3.900428499571035,4.025885537734055,0.12545703816302023,4,0.0,0.0,0.0,0.0,original_synthetic_results
synthetic,d2,2,d0,4,32.416657634407976,32.183457415585224,32.55247531693866,0.3690179013534376,4,0.890143034515072,0.8854843805541455,0.8947732575324516,0.00928887697830616,4,0.6170184173317326,0.5376094644394236,0.7923494381263332,0.2547399736869096,4,0.05816051082932244,0.05611415100489425,0.06122618393201429,0.005112032927120036,4,4.348520539718456,4.303622630840177,4.386159796558076,0.08253716571789838,4,0.14182039573650734,0.12492021502695473,0.18140154672586956,0.056481331698914825,original_synthetic_results
synthetic,d2,2,d1,4,34.09386028957705,33.8782185349442,34.26081599096737,0.38259745602316997,4,0.9121968214084073,0.9086263038127075,0.9144296045090671,0.005803300696359592,4,2.2942210725008048,2.232370583798403,2.3541531321924083,0.12178254839400537,4,0.08021429772265767,0.07798344569586813,0.08214520285946658,0.004161757163598456,4,4.348520539718456,4.303622630840177,4.386159796558076,0.08253716571789838,4,0.5275387152386982,0.5187189433852817,0.5367230655936814,0.018004122208399753,original_synthetic_results
synthetic,d2,2,d15,4,36.33180057881938,36.12285163664482,36.59036036495871,0.467508728313895,4,0.946243712375121,0.9438918310487774,0.9485425868504483,0.004650755801670958,4,4.53216136174314,4.477003685499017,4.6036920208998104,0.12668833540079305,4,0.11426118868937138,0.1120964280372494,0.11741073009553649,0.00531430205828709,4,4.348520539718456,4.303622630840177,4.386159796558076,0.08253716571789838,4,1.0422632789437332,1.0294060953675157,1.0616468060193616,0.03224071065184586,original_synthetic_results
synthetic,d2,2,d2,4,36.1481597567947,35.94947058198598,36.323037082510936,0.37356650052495866,4,0.945337451363416,0.9429511768157494,0.9472368979621941,0.004285721146444765,4,4.348520539718456,4.303622630840177,4.386159796558076,0.08253716571789838,4,0.11335492767766642,0.11079073914899518,0.11647007586250846,0.005679336713513283,4,4.348520539718456,4.303622630840177,4.386159796558076,0.08253716571789838,4,1.0,1.0,1.0,0.0,original_synthetic_results
synthetic,d2,2,d3,4,33.56813953916441,33.42458295580367,33.743831173534126,0.3192482177304541,4,0.8906512753349555,0.8873037163136711,0.8942106788874792,0.006906962573808073,4,1.7685003220881734,1.7486694669051914,1.789433987314407,0.04076452040921552,4,0.05866875164920579,0.057764520074280234,0.06082261536043021,0.0030580952861499755,4,4.348520539718456,4.303622630840177,4.386159796558076,0.08253716571789838,4,0.4067201798385253,0.3986789237084828,0.4133111002603444,0.014632176551861609,original_synthetic_results
synthetic,d2,2,d3n,4,32.70349932412672,32.476264083217565,32.80633080782465,0.33006672460708586,4,0.8782025801244847,0.8733591064153143,0.8823864488763795,0.00902734246106518,4,0.9038601070504724,0.8196624637657486,1.020407204516932,0.20074474075118331,4,0.04622005643873514,0.043280398414728194,0.048839375275942176,0.005558976861213982,4,4.348520539718456,4.303622630840177,4.386159796558076,0.08253716571789838,4,0.20775785550039047,0.18902047155204468,0.23361339868846986,0.04459292713642518,original_synthetic_results
synthetic,d2,2,noop,4,31.79963921707624,31.6458479511458,31.986668344058902,0.34082039291310195,4,0.8319825236857495,0.8264811009532409,0.836446158813199,0.009965057859958049,4,0.0,0.0,0.0,0.0,4,0.0,0.0,0.0,0.0,4,4.348520539718456,4.303622630840177,4.386159796558076,0.08253716571789838,4,0.0,0.0,0.0,0.0,original_synthetic_results
synthetic,d2,3,d0,4,31.30691829977981,31.120943736940482,31.436355040465163,0.31541130352468016,4,0.848930606962879,0.8436714277091161,0.8528234583945691,0.009152030685453005,4,0.6144129204273483,0.564373621694358,0.6989709716556156,0.1345973499612576,4,0.06044561890797118,0.05889432339828471,0.06157472416408749,0.0026804007658027817,4,3.9424009009650947,3.912281161921687,3.9842471415560006,0.07196597963431373,4,0.15588834465093682,0.14165125847939958,0.17799250981374068,0.0363412513343411,original_synthetic_results
synthetic,d2,3,d1,4,32.12428592328902,31.91990339592589,32.30180577184113,0.38190237591524223,4,0.8543589948917227,0.8490996026817902,0.8583363137862912,0.009236711104500972,4,1.4317805439365578,1.3717898924921599,1.4780114140756808,0.10622152158352094,4,0.06587400683681502,0.06440717879000679,0.067212841990688,0.0028056632006812077,4,3.9424009009650947,3.912281161921687,3.9842471415560006,0.07196597963431373,4,0.3631648884892145,0.35063683710767496,0.37454926407464206,0.023912426966967104,original_synthetic_results
synthetic,d2,3,d15,4,34.5698687026191,34.35880080997664,34.83922144410756,0.4804206341309154,4,0.9091514803397701,0.9054972056589776,0.9134203039683366,0.007923098309359,4,3.8773633232666382,3.8106873065429134,3.9672400253367535,0.15655271879384003,4,0.12066649228486234,0.11815101534105799,0.12340050211394904,0.005249486772891054,4,3.9424009009650947,3.912281161921687,3.9842471415560006,0.07196597963431373,4,0.9834449248028687,0.9740320669261738,0.9957314103229538,0.021699343396779924,original_synthetic_results
synthetic,d2,3,d2,4,34.63490628031756,34.460394665355416,34.856228560326805,0.3958338949713891,4,0.9120953843919873,0.9093060429373258,0.9160532344073197,0.006747191469993918,4,3.9424009009650947,3.912281161921687,3.9842471415560006,0.07196597963431373,4,0.12361039633707968,0.12123864481070268,0.12720933939229717,0.005970694581594493,4,3.9424009009650947,3.912281161921687,3.9842471415560006,0.07196597963431373,4,1.0,1.0,1.0,0.0,original_synthetic_results
synthetic,d2,3,d3,4,31.99303207500639,31.836363806388746,32.18753894268627,0.3511751362975204,4,0.8382382099039154,0.8335284187029085,0.8432179010073554,0.009689482304446884,4,1.3005266956539288,1.2777823800100414,1.3205165757351942,0.0427341957251528,4,0.04975322184900763,0.04893587067846428,0.05143171515787992,0.002495844479415643,4,3.9424009009650947,3.912281161921687,3.9842471415560006,0.07196597963431373,4,0.3298876170261161,0.323808358665219,0.3362686994125408,0.012460340747321774,original_synthetic_results
synthetic,d2,3,d3n,4,31.49270853370255,31.256282567664492,31.635932637783284,0.37965007011879237,4,0.8294425793555059,0.8235666432000801,0.8337199757761475,0.010153332576067431,4,0.8002031543500907,0.7081690642307628,0.8874350781730946,0.17926601394233188,4,0.040957591300598256,0.03815911897576185,0.043345441757669856,0.005186322781908004,4,3.9424009009650947,3.912281161921687,3.9842471415560006,0.07196597963431373,4,0.20298153620357717,0.18101180230178415,0.22598477371190157,0.04497297141011741,original_synthetic_results
synthetic,d2,3,noop,4,30.69250537935246,30.54811350343373,30.871981418770805,0.3238679153370754,4,0.7884849880549077,0.7820967035450286,0.7939291349962844,0.011832431451255787,4,0.0,0.0,0.0,0.0,4,0.0,0.0,0.0,0.0,4,3.9424009009650947,3.912281161921687,3.9842471415560006,0.07196597963431373,4,0.0,0.0,0.0,0.0,original_synthetic_results
synthetic,d2,4,d0,4,29.96461397586994,29.79402589699472,30.089621630207475,0.29559573321275323,4,0.7884357676673778,0.7822524197530788,0.7937087005334841,0.011456280780405281,4,0.24604540695095078,0.20492431604806427,0.28620083141774444,0.08127651536968017,4,0.0425549251022056,0.0415589749895281,0.043403511138834006,0.0018445361493059087,4,3.2342800757565264,3.197837315494187,3.2853461361379104,0.08750882064372334,4,0.07615887681408261,0.0623752589701136,0.0886386692760945,0.026263410305980894,original_synthetic_results
synthetic,d2,4,d1,4,30.514382094421805,30.32691242486658,30.68857190575398,0.3616594808874005,4,0.7921339784046457,0.7858265792780464,0.797685976823171,0.01185939754512455,4,0.7958135255028207,0.7424909640030108,0.8277839456477629,0.08529298164475207,4,0.04625313583947349,0.045277799086685055,0.04722082232819225,0.0019430232415071913,4,3.2342800757565264,3.197837315494187,3.2853461361379104,0.08750882064372334,4,0.24607150752117385,0.23031104648277434,0.25627389743372275,0.025962850950948413,original_synthetic_results
synthetic,d2,4,d15,4,32.64294151069136,32.44433063327986,32.887692823454806,0.4433621901749447,4,0.852901607751335,0.8475543570300748,0.8595075685429461,0.01195321151287132,4,2.9243729417723667,2.859909172416291,3.0029955092953955,0.14308633687910444,4,0.1070207651861628,0.10431000479699226,0.10870544841582996,0.004395443618837702,4,3.2342800757565264,3.197837315494187,3.2853461361379104,0.08750882064372334,4,0.9041278742186081,0.8871066535190995,0.9140575710617718,0.026950917542672315,original_synthetic_results
synthetic,d2,4,d2,4,32.95284864467551,32.808283170243385,33.17004345029732,0.3617602800539359,4,0.8638409241268606,0.8605255414041835,0.870306087970174,0.009780546565990478,4,3.2342800757565264,3.197837315494187,3.2853461361379104,0.08750882064372334,4,0.11796008156168844,0.11497249043736235,0.12167663278993868,0.0067041423525763255,4,3.2342800757565264,3.197837315494187,3.2853461361379104,0.08750882064372334,4,1.0,1.0,1.0,0.0,original_synthetic_results
synthetic,d2,4,d3,4,30.620771586046782,30.47179199075475,30.79626756515861,0.32447557440386277,4,0.7841669839667729,0.7783829630022877,0.7901549249397757,0.011771961937487974,4,0.9022030171277944,0.8855387547094473,0.9243325329113503,0.038793778201902995,4,0.03828614140160069,0.037688289597038516,0.039534054388042916,0.0018457647910044006,4,3.2342800757565264,3.197837315494187,3.2853461361379104,0.08750882064372334,4,0.2789799530787963,0.27415422730916644,0.2890492672759702,0.014895039966803747,original_synthetic_results
synthetic,d2,4,d3n,4,30.325383551586985,30.101937669386885,30.494582333094638,0.39264466370775253,4,0.778355024809841,0.771971412964445,0.7824474161212713,0.010476003156826286,4,0.6068149826679976,0.5175162085233147,0.6594827341728866,0.1419665256495719,4,0.032474182244668914,0.03029769057731535,0.03396541740329673,0.0036677268259813767,4,3.2342800757565264,3.197837315494187,3.2853461361379104,0.08750882064372334,4,0.18766167849650067,0.1605268014498274,0.206227731153663,0.0457009297038356,original_synthetic_results
synthetic,d2,4,noop,4,29.718568568918986,29.58442146086357,29.88469731415941,0.3002758532958403,4,0.7458808425651722,0.7388489086142448,0.752149725543956,0.01330081692971119,4,0.0,0.0,0.0,0.0,4,0.0,0.0,0.0,0.0,4,3.2342800757565264,3.197837315494187,3.2853461361379104,0.08750882064372334,4,0.0,0.0,0.0,0.0,original_synthetic_results
synthetic,d2,5,d0,4,28.854542699032812,28.679969773628343,28.98743253609384,0.307462762465498,4,0.730434231682526,0.7222428594199075,0.737230311847716,0.014987452427808523,4,-0.06719970015924126,-0.11197017526402675,-0.016809273840674877,0.09516090142335187,4,0.02133083207895753,0.02094693093530331,0.0221890484072933,0.0012421174719899897,4,2.5610462153181484,2.522160171835516,2.6418491522918828,0.11968898045636678,4,-0.02619257867181723,-0.044337061091401564,-0.006579629245793746,0.03775743184560782,original_synthetic_results
synthetic,d2,5,d1,4,29.322590637157866,29.14805257465918,29.49185276980691,0.3438001951477325,4,0.7382114009741743,0.7306835797932786,0.7451561592199825,0.01447257942670388,4,0.40084823796581404,0.3561126257668086,0.4242378709461754,0.0681252451793668,4,0.02910800137060568,0.02804533849502633,0.029832750268525388,0.0017874117734990591,4,2.5610462153181484,2.522160171835516,2.6418491522918828,0.11968898045636678,4,0.15649877684149913,0.1410106504416183,0.1660588035692718,0.02504815312765349,original_synthetic_results
synthetic,d2,5,d15,4,31.011576035095565,30.797866320542887,31.26109485733677,0.4632285367938813,4,0.7932588380218586,0.7853490905499549,0.8020802708115307,0.016731180261575718,4,2.08983363590351,2.005926371650517,2.1811364427306827,0.17521007108016562,4,0.08415543841829007,0.0810181427059693,0.08605171938649792,0.0050335766805286175,4,2.5610462153181484,2.522160171835516,2.6418491522918828,0.11968898045636678,4,0.8158561672536642,0.7942907999831958,0.8298590344292226,0.03556823444602675,original_synthetic_results
synthetic,d2,5,d2,4,31.482788614510202,31.317370649704912,31.72180756689797,0.4044369171930562,4,0.8111712389126464,0.80596425348989,0.8200223685919958,0.014058115102105861,4,2.5610462153181484,2.522160171835516,2.6418491522918828,0.11968898045636678,4,0.1020678393090779,0.09874468467635944,0.10470698262053268,0.005962297944173245,4,2.5610462153181484,2.522160171835516,2.6418491522918828,0.11968898045636678,4,1.0,1.0,1.0,0.0,original_synthetic_results
synthetic,d2,5,d3,4,29.55427132427712,29.397856469669254,29.72576597330156,0.32790950363230564,4,0.7374542842372609,0.7302019695105127,0.7443105929397361,0.014108623429223366,4,0.6325289250850661,0.6059165207768835,0.6547538709318061,0.04883735015492263,4,0.028350884633692425,0.02767030859804387,0.028944698641155453,0.001274390043111584,4,2.5610462153181484,2.522160171835516,2.6418491522918828,0.11968898045636678,4,0.24702222534013307,0.23992601364271587,0.25960043229740853,0.01967441865469266,original_synthetic_results
synthetic,d2,5,d3n,4,29.37239903230906,29.1443107073072,29.569818066162682,0.42550735885548363,4,0.7343886728893834,0.726914421551874,0.7399003044942595,0.012985882942385452,4,0.45065663311700455,0.35237075841482834,0.4898596515565963,0.13748889314176793,4,0.02528527328581484,0.02387175306922673,0.025861640481288695,0.0019898874120619636,4,2.5610462153181484,2.522160171835516,2.6418491522918828,0.11968898045636678,4,0.17582350987306242,0.13952897551354512,0.1893914691827223,0.049862493669177166,original_synthetic_results
synthetic,d2,5,noop,4,28.921742399192052,28.79193994889237,29.079958414606086,0.2880184657137157,4,0.7091033996035686,0.7012572708693573,0.7160285514250327,0.014771280555675448,4,0.0,0.0,0.0,0.0,4,0.0,0.0,0.0,0.0,4,2.5610462153181484,2.522160171835516,2.6418491522918828,0.11968898045636678,4,0.0,0.0,0.0,0.0,original_synthetic_results
synthetic,d2,all,d0,4,31.030006098507727,30.81515384219174,31.167766742903304,0.3526129007115628,4,0.8309832687395118,0.8249632363590136,0.8352002294143845,0.010236993055370958,4,0.22367845805126496,0.15234422477757903,0.3527651498050801,0.20042092502750108,4,0.04249527432388403,0.04132152039569936,0.044531669451570055,0.0032101490558706924,4,3.611852333093532,3.5839763554676054,3.629647933601774,0.045671578134168556,4,0.061928063399989415,0.042507039574959056,0.09784923676912895,0.05534219719416989,original_synthetic_results
synthetic,d2,all,d1,4,32.40646776617149,32.21291722192898,32.57633092230139,0.36341370037240495,4,0.8486882836531731,0.8436938732033289,0.8527901558496633,0.009096282646334442,4,1.6001401257150256,1.550107604514821,1.6446070525478298,0.0944994480330088,4,0.06020028923754528,0.058911446830978154,0.06149759661605658,0.0025861497850784287,4,3.611852333093532,3.5839763554676054,3.629647933601774,0.045671578134168556,4,0.44300037823139427,0.4325105555314348,0.4532352908946353,0.02072473536320052,original_synthetic_results
synthetic,d2,all,d15,4,34.365658499077256,34.164072169594924,34.62310772826862,0.4590355586736976,4,0.8922039730181968,0.8880422392880692,0.8970351368802744,0.008992897592205118,4,3.5593308586207986,3.501262552180762,3.638481535145935,0.1372189829651731,4,0.10371597860256909,0.10149202676244651,0.10584596270079694,0.004353935938350428,4,3.611852333093532,3.5839763554676054,3.629647933601774,0.045671578134168556,4,0.9854170790943557,0.9767632049774733,1.0024337350910493,0.025670530113576007,original_synthetic_results
synthetic,d2,all,d2,4,34.41817997354999,34.24678597288177,34.61427412672446,0.36748815384269307,4,0.8980202196909738,0.894906473962424,0.902535986110638,0.007629512148214057,4,3.611852333093532,3.5839763554676054,3.629647933601774,0.045671578134168556,4,0.10953222527534612,0.10744321422062031,0.11271019737515164,0.005266983154531335,4,3.611852333093532,3.5839763554676054,3.629647933601774,0.045671578134168556,4,1.0,1.0,1.0,0.0,original_synthetic_results
synthetic,d2,all,d3,4,32.12313517446891,31.974556540583222,32.30017986999655,0.3256233294133253,4,0.8349684872883071,0.8302591887602644,0.8397343486829753,0.009475159922710863,4,1.3168075340124545,1.2999016191366088,1.3400279168702873,0.040126297733678484,4,0.0464804928726793,0.045783859777634994,0.04806291217299208,0.002279052395357084,4,3.611852333093532,3.5839763554676054,3.629647933601774,0.045671578134168556,4,0.36459556298229845,0.35823833271969624,0.37169405477704914,0.013455722057352903,original_synthetic_results
synthetic,d2,all,d3n,4,31.476970089172543,31.249881342677444,31.616274772679862,0.3663934300024181,4,0.8257193659548273,0.820067337593877,0.8295102474654488,0.009442909871571814,4,0.670642448716082,0.5870717252632822,0.7579762408287323,0.17090451556545005,4,0.037231371539199504,0.03488761730439649,0.03910670670517624,0.004219089400779752,4,3.611852333093532,3.5839763554676054,3.629647933601774,0.045671578134168556,4,0.18565147679414032,0.163804575431326,0.21024581565159148,0.04644124022026547,original_synthetic_results
synthetic,d2,all,noop,4,30.80632764045646,30.662809617414162,30.984626193122686,0.3218165757085245,4,0.7884879944156278,0.7821962765872723,0.7938787090186852,0.01168243243141287,4,0.0,0.0,0.0,0.0,4,0.0,0.0,0.0,0.0,4,3.611852333093532,3.5839763554676054,3.629647933601774,0.045671578134168556,4,0.0,0.0,0.0,0.0,original_synthetic_results
synthetic,d3,1,d0,4,28.671464478912313,28.425580519018038,28.852756002900747,0.42717548388271,4,0.7772669270460876,0.7678273987042512,0.785190346244244,0.01736294753999279,4,-2.488616566919184,-2.588654443624435,-2.3224280672266815,0.2662263763977535,4,-0.04534098304843631,-0.04920090362499574,-0.038831949343164585,0.010368954281831155,4,0.5794144890854627,0.5598245669082864,0.6014152956044754,0.04159072869618896,4,-4.3023988232889625,-4.624045811209501,-3.861604592035586,0.7624412191739149,original_synthetic_results
synthetic,d3,1,d1,4,31.165989849032705,30.995584943887774,31.35227655634634,0.3566916124585653,4,0.849568900885407,0.8451785736800359,0.8536328354575824,0.00845426177754649,4,0.005908803201210233,-0.018650018754698294,0.028674840971898874,0.04732485972659717,4,0.02696099079088307,0.026260974723408492,0.028150271350788958,0.0018892966273804657,4,0.5794144890854627,0.5598245669082864,0.6014152956044754,0.04159072869618896,4,0.009634956975980977,-0.03331404132136567,0.048625328241789334,0.081939369563155,original_synthetic_results
synthetic,d3,1,d15,4,30.849318246625696,30.677950767732003,31.022614541031384,0.3446637732993807,4,0.8542683001433534,0.8500178110487584,0.8580091521157905,0.007991341067032143,4,-0.31076279920579974,-0.3362841949104691,-0.28794347998076475,0.048340714929704376,4,0.031660390048829534,0.030637291381616638,0.03298950871951145,0.002352217337894813,4,0.5794144890854627,0.5598245669082864,0.6014152956044754,0.04159072869618896,4,-0.5377818023426357,-0.6006956728741794,-0.47877644962680266,0.1219192232473767,original_synthetic_results
synthetic,d3,1,d2,4,30.736498864669283,30.580839749546676,30.888107011105532,0.30726726155885586,4,0.8548289419483728,0.8507795610730077,0.858437856981452,0.007658295908444357,4,-0.423582181162212,-0.4582977481179391,-0.39543327292851416,0.06286447518942495,4,0.03222103185384892,0.031065996247278127,0.033751258743760726,0.002685262496482599,4,0.5794144890854627,0.5598245669082864,0.6014152956044754,0.04159072869618896,4,-0.7327204462100194,-0.8087015709319567,-0.657504516128192,0.15119705480376466,original_synthetic_results
synthetic,d3,1,d3,4,31.73949553491696,31.57405952955076,31.913112880724697,0.33905335117393776,4,0.865992471727456,0.8617239390012804,0.870001578079143,0.008277639077862609,4,0.5794144890854627,0.5598245669082864,0.6014152956044754,0.04159072869618896,4,0.04338456163293214,0.042573194242706,0.04469563667203347,0.0021224424293274646,4,0.5794144890854627,0.5598245669082864,0.6014152956044754,0.04159072869618896,4,1.0,1.0,1.0,0.0,original_synthetic_results
synthetic,d3,1,d3n,4,30.91481287080585,30.67545799255371,31.07203230557867,0.39657431302495993,4,0.8553278759117715,0.8504761975807763,0.8584904541879752,0.0080142566071989,4,-0.24526817502564846,-0.3387769700887624,-0.16976941981785743,0.16900755027090497,4,0.03271996581724773,0.031118593453801302,0.03359395615997207,0.0024753627061707695,4,0.5794144890854627,0.5598245669082864,0.6014152956044754,0.04159072869618896,4,-0.4266663140637209,-0.6051484520583084,-0.28788629628849144,0.3172621557698169,original_synthetic_results
synthetic,d3,1,noop,4,31.160081045831497,31.014234962642472,31.34640475922347,0.3321697965809989,4,0.8226079100945239,0.817028302329247,0.8273718607341739,0.010343558404926956,4,0.0,0.0,0.0,0.0,4,0.0,0.0,0.0,0.0,4,0.5794144890854627,0.5598245669082864,0.6014152956044754,0.04159072869618896,4,0.0,0.0,0.0,0.0,original_synthetic_results
synthetic,d3,2,d0,4,27.017636393832873,26.815780664721565,27.185553243395308,0.3697725786737429,4,0.6824390849676079,0.6709760097690591,0.6909221005425766,0.0199460907735175,4,-2.141981950700538,-2.2120252573434165,-2.06990191884546,0.14212333849795655,4,-0.06553137700769243,-0.06979257257611537,-0.061193583663315065,0.00859898891280031,4,0.44099502387230327,0.4135543739068126,0.47215331648633807,0.05859894257952547,4,-4.874946993380178,-5.348813594804001,-4.383961409504053,0.9648521852999483,original_synthetic_results
synthetic,d3,2,d1,4,28.715517375079642,28.550384488710215,28.877600303793177,0.3272158150829618,4,0.7492862365490705,0.7423795806829918,0.7555402985341112,0.013160717851119386,4,-0.44410096945376853,-0.47742143335476683,-0.43097870589421916,0.04644272746054767,4,0.0013157745737700788,0.0010256099617521608,0.0016109983378173043,0.0005853883760651435,4,0.44099502387230327,0.4135543739068126,0.47215331648633807,0.05859894257952547,4,-1.011454336723994,-1.1544344915146407,-0.9153401550484278,0.23909433646621292,original_synthetic_results
synthetic,d3,2,d15,4,28.23487783165571,28.080331687927245,28.3820607279388,0.30172904001155487,4,0.7500958537157,0.743500223579541,0.7558455693861689,0.012345345806627828,4,-0.9247405128776993,-0.9474742341377365,-0.9033070235750351,0.04416721056270134,4,0.002125391740399607,0.0013680424055023677,0.002731641234366533,0.0013635988288641654,4,0.44099502387230327,0.4135543739068126,0.47215331648633807,0.05859894257952547,4,-2.1044488989744705,-2.2910511746908364,-1.9131646268996876,0.37788654779114883,original_synthetic_results
synthetic,d3,2,d2,4,28.136168227878375,27.990525464519088,28.26835433780867,0.2778288732895824,4,0.7511613817251334,0.7444071840680261,0.7569720335493625,0.012564849481336404,4,-1.0234501166550372,-1.0450688146313603,-0.9968364826276925,0.04823233200366772,4,0.0031909197498329045,0.002572542878103934,0.0036386017228515755,0.0010660588447476416,4,0.44099502387230327,0.4135543739068126,0.47215331648633807,0.05859894257952547,4,-2.329056665561507,-2.5082081655836315,-2.1112559158663378,0.3969522497172937,original_synthetic_results
synthetic,d3,2,d3,4,29.600613368405718,29.441360295971794,29.73920100682218,0.2978407108503873,4,0.7913224763231813,0.7850548033675118,0.7968328841919071,0.011778080824395354,4,0.44099502387230327,0.4135543739068126,0.47215331648633807,0.05859894257952547,4,0.04335201434788094,0.04278283016502582,0.04428622102233726,0.0015033908573114374,4,0.44099502387230327,0.4135543739068126,0.47215331648633807,0.05859894257952547,4,1.0,1.0,1.0,0.0,original_synthetic_results
synthetic,d3,2,d3n,4,28.93835046046384,28.703190377284663,29.10506399503896,0.40187361775429764,4,0.7792757765918927,0.7727833076458022,0.7840875581732378,0.011304250527435666,4,-0.22126788406957054,-0.3246155447803183,-0.15584709095843152,0.16876845382188677,4,0.031305314616592306,0.03003750414635653,0.032014725300627656,0.001977221154271125,4,0.44099502387230327,0.4135543739068126,0.47215331648633807,0.05859894257952547,4,-0.5085918905256136,-0.7849404220144093,-0.3444176083724054,0.44052281364200385,original_synthetic_results
synthetic,d3,2,noop,4,29.159618344533413,29.02780592206498,29.31342315244003,0.28561723037504905,4,0.7479704619753005,0.7407685823451745,0.7540500540268813,0.013281471681706791,4,0.0,0.0,0.0,0.0,4,0.0,0.0,0.0,0.0,4,0.44099502387230327,0.4135543739068126,0.47215331648633807,0.05859894257952547,4,0.0,0.0,0.0,0.0,original_synthetic_results
synthetic,d3,3,d0,4,26.307795439500858,26.13783323189462,26.468233135384573,0.3303999034899512,4,0.6337544393449419,0.6222723329857761,0.6433085430710809,0.021036210085304763,4,-1.601581264014131,-1.6566152409656532,-1.5657558831659877,0.09085935779966547,4,-0.05958789994018468,-0.06319074185451434,-0.05691013038354342,0.00628061147097092,4,0.4471707318199103,0.4233135252043674,0.47986531383018516,0.05655178862581778,4,-3.5919095744450225,-3.9134474622937505,-3.2629069825206782,0.6505404797730723,original_synthetic_results
synthetic,d3,3,d1,4,27.512909263161742,27.3680240905117,27.667933475691388,0.29990938517968857,4,0.6879418059312395,0.680283136369197,0.6954100006748812,0.015126864305684218,4,-0.3964674403532449,-0.42642438234857494,-0.38050963733538623,0.04591474501318871,4,-0.005400533353886988,-0.00577552400243897,-0.004902737046911132,0.0008727869555278378,4,0.4471707318199103,0.4233135252043674,0.47986531383018516,0.05655178862581778,4,-0.8899013168273167,-1.0073488253008351,-0.7929509101173357,0.2143979151834995,original_synthetic_results
synthetic,d3,3,d15,4,27.03150589451087,26.900245500663075,27.176684900024128,0.27643939936105255,4,0.6852915845718023,0.6779629147864283,0.6921948710405771,0.014231956254148748,4,-0.8778708090041203,-0.8942029721971991,-0.8621113730229268,0.03209159917427229,4,-0.00805075471332431,-0.009138048495485163,-0.007446943622734681,0.0016911048727504818,4,0.4471707318199103,0.4233135252043674,0.47986531383018516,0.05655178862581778,4,-1.968295525305848,-2.1123893260095947,-1.7965694710078817,0.31581985500171306,original_synthetic_results
synthetic,d3,3,d2,4,26.890974650937803,26.770151358053717,27.021817246557962,0.2516658885042453,4,0.6850802641572892,0.6774945715769356,0.6922326409508924,0.01473806937395683,4,-1.018402052577187,-1.0347844155181747,-1.002747108128446,0.03203730738972865,4,-0.008262075127837443,-0.008934231929376146,-0.007968503263354854,0.0009657286660212927,4,0.4471707318199103,0.4233135252043674,0.47986531383018516,0.05655178862581778,4,-2.2829287740777295,-2.4197127042232998,-2.0896428210756204,0.3300698831476794,original_synthetic_results
synthetic,d3,3,d3,4,28.356547435334903,28.217761998064642,28.499448641745698,0.28168664368105567,4,0.7360197128509752,0.7288699743655366,0.7427157978328741,0.013845823467337537,4,0.4471707318199103,0.4233135252043674,0.47986531383018516,0.05655178862581778,4,0.04267737356584872,0.04224334232184468,0.04340689952524612,0.001163557203401444,4,0.4471707318199103,0.4233135252043674,0.47986531383018516,0.05655178862581778,4,1.0,1.0,1.0,0.0,original_synthetic_results
synthetic,d3,3,d3n,4,27.68510626410004,27.460977034053894,27.884678226524674,0.4237011924707801,4,0.722226330058561,0.7150855290553939,0.7280225730082239,0.012937043952830019,4,-0.2242704394149504,-0.33347143880638086,-0.17192343555146294,0.16154800325491792,4,0.028883990773434287,0.02770983528643156,0.029622454215103455,0.0019126189286718942,4,0.4471707318199103,0.4233135252043674,0.47986531383018516,0.05655178862581778,4,-0.5059172381444454,-0.7877646683870718,-0.3882231186938365,0.3995415496932353,original_synthetic_results
synthetic,d3,3,noop,4,27.90937670351499,27.794448472860275,28.056601662076137,0.26215318921586217,4,0.6933423392851266,0.6854630748402905,0.7003127377217924,0.014849662881501913,4,0.0,0.0,0.0,0.0,4,0.0,0.0,0.0,0.0,4,0.4471707318199103,0.4233135252043674,0.47986531383018516,0.05655178862581778,4,0.0,0.0,0.0,0.0,original_synthetic_results
synthetic,d3,4,d0,4,25.808167117646903,25.651643590792805,25.944251037920026,0.29260744712722087,4,0.602590290887444,0.5913033805885505,0.6116886719081883,0.020385291319637844,4,-1.2617964290171075,-1.309189881517291,-1.2331781741934762,0.0760117073238149,4,-0.05369004669469085,-0.05666267055231089,-0.051791709446011525,0.004870961106299365,4,0.43072008699179065,0.4134105838184645,0.4599528015331593,0.0465422177146948,4,-2.9358267609973048,-3.1668030107622456,-2.703079759432886,0.46372325132935943,original_synthetic_results
synthetic,d3,4,d1,4,26.7400959385523,26.602130225812886,26.88080503239878,0.2786748065858937,4,0.6491019468356201,0.6410301750618527,0.6567567836440785,0.015726608582225854,4,-0.32986760811171134,-0.3587032464972104,-0.3103733284862109,0.048329918010999506,4,-0.007178390746514773,-0.0075938493307208255,-0.006723597710121321,0.0008702516205995048,4,0.43072008699179065,0.4134105838184645,0.4599528015331593,0.0465422177146948,4,-0.7684191798749359,-0.8676682710540449,-0.6747938646131612,0.19287440644088372,original_synthetic_results
synthetic,d3,4,d15,4,26.332071537596043,26.20031690373667,26.466858423618085,0.2665415198814145,4,0.644551317910753,0.6363609690845292,0.6518320801378416,0.015471111053312336,4,-0.7378920090679664,-0.7605165685734256,-0.720258426343829,0.04025814222959667,4,-0.011729019671381763,-0.012819315046771584,-0.010843380366065025,0.001975934680706559,4,0.43072008699179065,0.4134105838184645,0.4599528015331593,0.0465422177146948,4,-1.7170676459836764,-1.8396156226793197,-1.5659398615314304,0.2736757611478893,original_synthetic_results
synthetic,d3,4,d2,4,26.155798404732437,26.037856074051117,26.272544753562677,0.23468867951156014,4,0.6434855840263798,0.6352298798919284,0.6508533997896692,0.0156235198977408,4,-0.9141651419315773,-0.9332348365962773,-0.8959918468183012,0.03724298977797602,4,-0.012794753555755017,-0.013325055704710098,-0.012490805704846286,0.000834249999863812,4,0.43072008699179065,0.4134105838184645,0.4599528015331593,0.0465422177146948,4,-2.126805338519359,-2.2325925711284493,-1.948008238740354,0.28458433238809544,original_synthetic_results
synthetic,d3,4,d3,4,27.500683633655804,27.37424405612856,27.62954362896127,0.2552995728327083,4,0.6954169335052085,0.6876700435417918,0.7023998255964736,0.014729782054681784,4,0.43072008699179065,0.4134105838184645,0.4599528015331593,0.0465422177146948,4,0.03913659592307367,0.03865890848575615,0.03970399240093048,0.0010450839151743274,4,0.43072008699179065,0.4134105838184645,0.4599528015331593,0.0465422177146948,4,1.0,1.0,1.0,0.0,original_synthetic_results
synthetic,d3,4,d3n,4,26.843915332676016,26.625269391234493,27.04236286682702,0.41709347559252663,4,0.682777304271347,0.67497994998811,0.6889512862495973,0.013971336261487388,4,-0.22604821398799402,-0.33556408107560287,-0.16341672333193458,0.1721473577436683,4,0.02649696668921217,0.025470904895397495,0.027013898847248585,0.0015429939518510905,4,0.43072008699179065,0.4134105838184645,0.4599528015331593,0.0465422177146948,4,-0.5276989845023318,-0.8116968800754135,-0.3856314089175658,0.4260654711578477,original_synthetic_results
synthetic,d3,4,noop,4,27.069963546664013,26.960833472310096,27.205779590158954,0.24494611784885834,4,0.6562803375821349,0.6479660511408614,0.6634803813541998,0.015514330213338479,4,0.0,0.0,0.0,0.0,4,0.0,0.0,0.0,0.0,4,0.43072008699179065,0.4134105838184645,0.4599528015331593,0.0465422177146948,4,0.0,0.0,0.0,0.0,original_synthetic_results
synthetic,d3,5,d0,4,25.363278184970177,25.219133717353355,25.47809396072173,0.2589602433683744,4,0.5781289529462683,0.5670937030863874,0.5865955822183773,0.019501879131989863,4,-1.0827441216255114,-1.125848018843243,-1.0414433313647358,0.08440468747850716,4,-0.05229143413144896,-0.05491088181874004,-0.05109111462120719,0.003819767197532853,4,0.3766805255178385,0.36222466983705814,0.40997967802430324,0.047755008187245096,4,-2.8833389000263345,-3.108148374735742,-2.606264416642561,0.5018839580931811,original_synthetic_results
synthetic,d3,5,d1,4,26.158046445665057,26.029495509331216,26.2860541989322,0.2565586896009826,4,0.6223067938479101,0.6142037565866266,0.6298855270046584,0.01568177041803176,4,-0.28797586093062755,-0.3154862268653815,-0.2654087833673948,0.05007744349798671,4,-0.008113593229807259,-0.00860841653996236,-0.007800828318500819,0.0008075882214615415,4,0.3766805255178385,0.36222466983705814,0.40997967802430324,0.047755008187245096,4,-0.7683129232590209,-0.8709683606235288,-0.6473705834552649,0.2235977771682639,original_synthetic_results
synthetic,d3,5,d15,4,25.8170402619519,25.6826982007452,25.9480441217915,0.2653459210463005,4,0.6160799486052098,0.6069682175424737,0.6241180677411142,0.01714985019864057,4,-0.628982044643787,-0.6622835354513974,-0.6102507264877453,0.052032808963652144,4,-0.0143404384725076,-0.015305709945204193,-0.013451047483702183,0.0018546624615020102,4,0.3766805255178385,0.36222466983705814,0.40997967802430324,0.047755008187245096,4,-1.6756866051055153,-1.828377773798004,-1.488490184266085,0.3398875895319191,original_synthetic_results
synthetic,d3,5,d2,4,25.64067101999215,25.521082449541407,25.748823676310796,0.22774122676938902,4,0.6175134709519448,0.6086662508379406,0.6249230454071587,0.016256794569218136,4,-0.8053512866035355,-0.8244399743236848,-0.7758912504570219,0.04854872386666287,4,-0.012906916125772577,-0.013338334067186874,-0.012340555501668682,0.0009977785655181926,4,0.3766805255178385,0.36222466983705814,0.40997967802430324,0.047755008187245096,4,-2.1457992850278726,-2.274553213136507,-1.8925114878767912,0.3820417252597159,original_synthetic_results
synthetic,d3,5,d3,4,26.822702832113524,26.707206406033656,26.938108952302887,0.23090254626923112,4,0.6638275825239367,0.6559625279035927,0.6709089454686697,0.014946417565077086,4,0.3766805255178385,0.36222466983705814,0.40997967802430324,0.047755008187245096,4,0.03340719544621937,0.03287627320265385,0.03395794299846522,0.0010816697958113686,4,0.3766805255178385,0.36222466983705814,0.40997967802430324,0.047755008187245096,4,1.0,1.0,1.0,0.0,original_synthetic_results
synthetic,d3,5,d3n,4,26.25045388758983,26.037713051021377,26.44004003641191,0.402326985390534,4,0.6538246892653671,0.6457608728943296,0.6600775166366581,0.01431664374232855,4,-0.19556841900585464,-0.3072686851752202,-0.1332236142225689,0.17404507095265132,4,0.0234043021876498,0.02239081979707369,0.023810560187128238,0.0014197403900545469,4,0.3766805255178385,0.36222466983705814,0.40997967802430324,0.047755008187245096,4,-0.5223239890925366,-0.848282049131112,-0.3651509656650329,0.48313108346607914,original_synthetic_results
synthetic,d3,5,noop,4,26.446022306595687,26.344981736196598,26.57326365063448,0.2282819144378827,4,0.6304203870777173,0.6220045849051274,0.6376866968395845,0.01568211193445701,4,0.0,0.0,0.0,0.0,4,0.0,0.0,0.0,0.0,4,0.3766805255178385,0.36222466983705814,0.40997967802430324,0.047755008187245096,4,0.0,0.0,0.0,0.0,original_synthetic_results
synthetic,d3,all,d0,4,26.633668322972625,26.449994344756078,26.785777476064474,0.3357831313083963,4,0.6548359390384699,0.6438945650268049,0.6631492648026753,0.019254699775870465,4,-1.7153440664552946,-1.778466568458807,-1.653978084747635,0.12448848371117194,4,-0.05528834816449063,-0.05875155408533528,-0.05207955479451509,0.006671999290820185,4,0.4549961714574611,0.4344655439349978,0.4846732810956915,0.05020773716069371,4,-3.7799605276348385,-4.093458257589446,-3.4125629558297885,0.6808953017596573,original_synthetic_results
synthetic,d3,all,d1,4,28.058511774298292,27.909123851650758,28.212933913432376,0.3038100617816184,4,0.7116411368098494,0.7046150444761409,0.7182450890630624,0.01363004458692152,4,-0.29050061512962877,-0.3193370615641271,-0.27614680912869005,0.04319025243543706,4,0.001516849606888887,0.0011907790927636608,0.0019689253640007287,0.0007781462712370679,4,0.4549961714574611,0.4344655439349978,0.4846732810956915,0.05020773716069371,4,-0.640719016333748,-0.7350112477778087,-0.5697586805371452,0.1652525672406635,original_synthetic_results
synthetic,d3,all,d15,4,27.652962754468046,27.50830861216084,27.79925254288078,0.2909439307199406,4,0.7100574009893637,0.7029620272083461,0.7163999480842984,0.013437920875952303,4,-0.6960496349598753,-0.7201523010540463,-0.6767742058820616,0.043378095171984654,4,-6.688621359693392e-05,-0.0008753455790555531,0.0004722906794898396,0.0013476362585453927,4,0.4549961714574611,0.4344655439349978,0.4846732810956915,0.05020773716069371,4,-1.5336673305644897,-1.6575590656316608,-1.3963513820115918,0.26120768362006896,original_synthetic_results
synthetic,d3,all,d2,4,27.512022233642007,27.3800910191424,27.63992940506913,0.25983838592672726,4,0.710413928561824,0.7033154894895677,0.7166837953357069,0.013368305846139239,4,-0.8369901557859087,-0.8591651578374844,-0.8133799921919938,0.04578516564549062,4,0.00028964135886336284,-0.00018035800971893945,0.0006693703774275361,0.0008497283871464756,4,0.4549961714574611,0.4344655439349978,0.4846732810956915,0.05020773716069371,4,-1.843993008633976,-1.9526747423713113,-1.6782026654186535,0.27447207695265785,original_synthetic_results
synthetic,d3,all,d3,4,28.804008560885382,28.662926457149883,28.943883022111347,0.28095656496146404,4,0.7505158353861516,0.7438562576359427,0.7565718062338135,0.01271554859787083,4,0.4549961714574611,0.4344655439349978,0.4846732810956915,0.05020773716069371,4,0.04039154818319099,0.039841083149848355,0.04121013852380251,0.0013690553739541533,4,0.4549961714574611,0.4344655439349978,0.4846732810956915,0.05020773716069371,4,1.0,1.0,1.0,0.0,original_synthetic_results
synthetic,d3,all,d3n,4,28.126527763127115,27.90052156922963,28.308835486076248,0.40831391684661966,4,0.7386863952197879,0.7318171714328824,0.7439258776511385,0.012108706218256104,4,-0.2224846263008029,-0.3279393439852569,-0.1699567895092322,0.15798255447602472,4,0.028562108016827265,0.027345531515812094,0.02917105232074224,0.0018255208049301475,4,0.4549961714574611,0.4344655439349978,0.4846732810956915,0.05020773716069371,4,-0.4928891501322339,-0.754810936248425,-0.372665346324929,0.382145589923496,original_synthetic_results
synthetic,d3,all,noop,4,28.34901238942792,28.228460913214885,28.499094562906613,0.2706336496917281,4,0.7101242872029605,0.7026461191121401,0.7165803461353264,0.013934227023186252,4,0.0,0.0,0.0,0.0,4,0.0,0.0,0.0,0.0,4,0.4549961714574611,0.4344655439349978,0.4846732810956915,0.05020773716069371,4,0.0,0.0,0.0,0.0,original_synthetic_results
synthetic,d3n,1,d0,4,21.147414427583946,20.933046353299854,21.532880238533735,0.5998338852338811,4,0.3031581326307252,0.29743336480478166,0.3128673273420688,0.015433962537287127,4,-7.860173705066545,-8.116468305453449,-7.433562402882853,0.6829059025705959,4,-0.46000373289470575,-0.4693062776474046,-0.4513133513978399,0.017992926249564722,4,1.9165151576688846,1.8689225095650421,1.9567268916027096,0.0878043820376675,4,-4.10327325197094,-4.246571505131728,-3.8208949287194143,0.4256765764123136,original_synthetic_results
synthetic,d3n,1,d1,4,26.00642173942088,24.906375012659293,26.698371528482213,1.7919965158229196,4,0.5602719552228412,0.4914594912197606,0.6016473733287462,0.11018788210898556,4,-3.0011663932296093,-4.060067628757295,-2.348790500264773,1.7112771284925223,4,-0.20288991030258977,-0.27272118752014807,-0.1612832994472253,0.11143788807292276,4,1.9165151576688846,1.8689225095650421,1.9567268916027096,0.0878043820376675,4,-1.5635998911834537,-2.0868987131876886,-1.2395272853301535,0.847371427857535,original_synthetic_results
synthetic,d3n,1,d15,4,22.765640756877005,21.999091748453278,23.89327520576441,1.894183457311133,4,0.38961740390999183,0.3518410796155435,0.4455118746894626,0.09367079507391907,4,-6.241947375773486,-6.96735089296331,-5.1538868229825745,1.8134640699807356,4,-0.37354446161543925,-0.4123395991243652,-0.3174187980865089,0.09492080103785627,4,1.9165151576688846,1.8689225095650421,1.9567268916027096,0.0878043820376675,4,-3.2521029077103565,-3.581259462247596,-2.7198608568411253,0.8613986054064706,original_synthetic_results
synthetic,d3n,1,d2,4,25.16864025900302,23.194629142653774,26.74341138884495,3.548782246191177,4,0.5213480716587846,0.41719954048803715,0.6097047925247273,0.19250525203669017,4,-3.838947873647472,-5.952559290066571,-2.3037506399020344,3.6488086501645363,4,-0.24181379386664636,-0.34954010196414914,-0.15322588025124417,0.19631422171290497,4,1.9165151576688846,1.8689225095650421,1.9567268916027096,0.0878043820376675,4,-1.9964217587452835,-3.04210021112909,-1.2157583983899258,1.826341812739164,original_synthetic_results
synthetic,d3n,1,d3,4,28.96684558152881,28.83641054126578,29.141998471576052,0.30558793031027065,4,0.7710451541118859,0.7623400147476107,0.7765001006809199,0.014160085933309197,4,-0.04074255112168146,-0.22933025986935363,0.17555583015946397,0.4048860900288176,4,0.00788328858645479,-0.0005906580283607799,0.01770363254726215,0.01829429057562293,4,1.9165151576688846,1.8689225095650421,1.9567268916027096,0.0878043820376675,4,-0.021208336592864932,-0.11720095474413117,0.09023673237790852,0.2074376871220397,original_synthetic_results
synthetic,d3n,1,d3n,4,30.924103290319373,30.738481937283083,31.103915324323054,0.3654333870399711,4,0.8434713056093968,0.8385083322905599,0.8476690086008797,0.009160676310319804,4,1.9165151576688846,1.8689225095650421,1.9567268916027096,0.0878043820376675,4,0.08030944008396573,0.07971186415690212,0.0809293661486934,0.00121750199179127,4,1.9165151576688846,1.8689225095650421,1.9567268916027096,0.0878043820376675,4,1.0,1.0,1.0,0.0,original_synthetic_results
synthetic,d3n,1,noop,4,29.00758813265049,28.86955942771804,29.147188432720345,0.2776290050023036,4,0.7631618655254311,0.7587964681336578,0.7667396424521863,0.007943174318528534,4,0.0,0.0,0.0,0.0,4,0.0,0.0,0.0,0.0,4,1.9165151576688846,1.8689225095650421,1.9567268916027096,0.0878043820376675,4,0.0,0.0,0.0,0.0,original_synthetic_results
synthetic,d3n,2,d0,4,20.733267390684627,20.574641468603286,21.035647183768646,0.46100571516535993,4,0.25196502107764035,0.24537946556235704,0.25971424767284307,0.014334782110486027,4,-6.6648475837061065,-6.940816753369543,-6.332294994507581,0.6085217588619614,4,-0.43861051849810373,-0.45007916187876273,-0.4323875825388681,0.017691579339894625,4,1.5916010262872948,1.5607004493391017,1.6166445901360298,0.05594414079692811,4,-4.188754374501988,-4.2933473415981425,-3.9202274466507623,0.3731198949473802,original_synthetic_results
synthetic,d3n,2,d1,4,24.901354769874224,23.97684520818881,25.49723579442557,1.5203905862367613,4,0.4981671845928778,0.433460038375728,0.5371420133855421,0.10368197500981413,4,-2.4967602045165096,-3.3910969700874176,-1.9415974888331462,1.4494994812542714,4,-0.1924083549828663,-0.25919074996547375,-0.15243197863790348,0.10675877132757028,4,1.5916010262872948,1.5607004493391017,1.6166445901360298,0.05594414079692811,4,-1.5662083539470553,-2.099376517979909,-1.233722683062478,0.8656538349174312,original_synthetic_results
synthetic,d3n,2,d15,4,22.11039830895625,21.394968622166083,23.27113908364739,1.8761704614813084,4,0.331584969727384,0.2940208997646001,0.3918450131816483,0.09782411341704822,4,-5.287716665434483,-5.972973556110144,-4.167694199611326,1.8052793564988185,4,-0.3589905698483601,-0.39862988857660164,-0.2977289788417973,0.10090090973480437,4,1.5916010262872948,1.5607004493391017,1.6166445901360298,0.05594414079692811,4,-3.317446729911683,-3.697777013403819,-2.6482208077115392,1.0495562056922796,original_synthetic_results
synthetic,d3n,2,d2,4,24.20264065688534,22.373345438639323,25.654885335931194,3.2815398972918715,4,0.4605698875108095,0.35537754907854285,0.5516445952416026,0.19626704616305973,4,-3.1954743175053935,-5.151207553344154,-1.7839479473275226,3.3672596060166313,4,-0.2300056520649345,-0.3400810783625769,-0.13792939678184302,0.20215168158073388,4,1.5916010262872948,1.5607004493391017,1.6166445901360298,0.05594414079692811,4,-2.001755331274764,-3.186357462100383,-1.1335495954639898,2.0528078666363934,original_synthetic_results
synthetic,d3n,2,d3,4,27.30110927974878,27.192430522721697,27.469948573545977,0.2775180508242805,4,0.6963656933947417,0.684146853891057,0.7015934054252687,0.017446551534211707,4,-0.09700569464195752,-0.21942944808744969,0.10200639526975053,0.3214358433572002,4,0.005790153818997723,-0.005427138132388598,0.016974654928059607,0.022401793060448205,4,1.5916010262872948,1.5607004493391017,1.6166445901360298,0.05594414079692811,4,-0.061222469965468096,-0.13573140900993344,0.06315060666270793,0.19888201567264135,original_synthetic_results
synthetic,d3n,2,d3n,4,28.98971600067803,28.821831893383617,29.141197582119506,0.3193656887358891,4,0.7705781189859492,0.7641442770325522,0.7761790524178268,0.012034775385274643,4,1.5916010262872948,1.5607004493391017,1.6166445901360298,0.05594414079692811,4,0.08000257941020511,0.07952552653534306,0.08072042497670706,0.0011948984413640007,4,1.5916010262872948,1.5607004493391017,1.6166445901360298,0.05594414079692811,4,1.0,1.0,1.0,0.0,original_synthetic_results
synthetic,d3n,2,noop,4,27.398114974390737,27.261131444044516,27.524552991983477,0.263421547938961,4,0.690575539575744,0.6846187504972091,0.6954586274411197,0.010839876943910642,4,0.0,0.0,0.0,0.0,4,0.0,0.0,0.0,0.0,4,1.5916010262872948,1.5607004493391017,1.6166445901360298,0.05594414079692811,4,0.0,0.0,0.0,0.0,original_synthetic_results
synthetic,d3n,3,d0,4,20.537927169698154,20.378496486144446,20.769805650438787,0.39130916429434137,4,0.22383476743296632,0.2169352260266951,0.22924800803583986,0.012312782009144763,4,-5.819503790461324,-6.102282664160214,-5.558941171905495,0.5433414922547186,4,-0.413645842190953,-0.42629486325691,-0.4054093164868408,0.020885546770069208,4,1.442806011803289,1.4168995861716098,1.4734629809240793,0.05656339475246952,4,-4.033895053741272,-4.1414563807590055,-3.814442239243132,0.3270141415158734,original_synthetic_results
synthetic,d3n,3,d1,4,24.178120545306797,23.36109056730722,24.70937146737542,1.3482809000682003,4,0.4553855396122277,0.39447991694110307,0.49178486387914333,0.09730494693804026,4,-2.179310414852684,-2.9676562550370633,-1.6807743504125767,1.2868819046244866,4,-0.18209507001169167,-0.24547561604577195,-0.14411197680122978,0.10136363924454217,4,1.442806011803289,1.4168995861716098,1.4734629809240793,0.05656339475246952,4,-1.5084479863682747,-2.036350632379009,-1.1862339200436518,0.850116712335357,original_synthetic_results
synthetic,d3n,3,d15,4,21.783259897074934,21.09586476401939,22.980588194260577,1.8847234302411877,4,0.296902838906243,0.2582782290023657,0.3625003119274764,0.1042220829251107,4,-4.574171063084544,-5.232882058324893,-3.4095576235274194,1.823324434797474,4,-0.34057777071767636,-0.38167730398450933,-0.2733965287528967,0.10828077523161261,4,1.442806011803289,1.4168995861716098,1.4734629809240793,0.05656339475246952,4,-3.164170350739978,-3.5907065282739703,-2.406350920561611,1.1843556077123591,original_synthetic_results
synthetic,d3n,3,d2,4,23.644127787017958,21.956472240322633,24.983902560131092,3.0274303198084596,4,0.42278598335272577,0.3174983964881427,0.5149184860932715,0.1974200896051288,4,-2.713303173141524,-4.524306909982027,-1.4062432576569037,3.118063652325123,4,-0.2146946262711936,-0.32573169279546244,-0.1209783545871016,0.20475333820836084,4,1.442806011803289,1.4168995861716098,1.4734629809240793,0.05656339475246952,4,-1.8710772777943823,-3.070526350885732,-0.9924791222901695,2.0780472285955627,original_synthetic_results
synthetic,d3n,3,d3,4,26.24742541825806,26.14921129038636,26.397192473701747,0.24798118331538532,4,0.6404254294215463,0.6267729677168976,0.6454553915975597,0.018682423880662102,4,-0.11000554190141809,-0.22878975630926135,0.0684456513574645,0.29723540766672585,4,0.002944819797626924,-0.009123872963475499,0.013945072300277417,0.023068945263752916,4,1.442806011803289,1.4168995861716098,1.4734629809240793,0.05656339475246952,4,-0.07656020964397445,-0.16147210327546185,0.046966135376627464,0.20843823865208932,original_synthetic_results
synthetic,d3n,3,d3n,4,27.80023697196277,27.653573027239158,27.95424213122874,0.3006691039895806,4,0.7161332494383044,0.7090590790669683,0.7227435463932759,0.01368446732630757,4,1.442806011803289,1.4168995861716098,1.4734629809240793,0.05656339475246952,4,0.07865263981438494,0.07813210450987296,0.07951345710967073,0.0013813525997977694,4,1.442806011803289,1.4168995861716098,1.4734629809240793,0.05656339475246952,4,1.0,1.0,1.0,0.0,original_synthetic_results
synthetic,d3n,3,noop,4,26.35743096015948,26.230052050200985,26.48077915030466,0.25072710010367416,4,0.6374806096239194,0.6308399755448243,0.6432300892836051,0.01239011373878085,4,0.0,0.0,0.0,0.0,4,0.0,0.0,0.0,0.0,4,1.442806011803289,1.4168995861716098,1.4734629809240793,0.05656339475246952,4,0.0,0.0,0.0,0.0,original_synthetic_results
synthetic,d3n,4,d0,4,20.378893496504965,20.222220218640537,20.568526184352873,0.34630596571233596,4,0.20684511943229228,0.19994100982804253,0.21074093616776418,0.010799926339721655,4,-5.266114569492516,-5.537298100252109,-5.053106756160169,0.48419134409193987,4,-0.3946541300964299,-0.40754742627622376,-0.3851339267050856,0.02241349957113814,4,1.3491973269825595,1.3233877481093437,1.3753666153312274,0.05197886722188372,4,-3.9036524683945157,-4.02605242742392,-3.694615605238276,0.3314368221856441,original_synthetic_results
synthetic,d3n,4,d1,4,23.65795761529051,22.911580039360395,24.153082560866093,1.2415025215056978,4,0.42612358059790484,0.3683620606490308,0.460741995303004,0.0923799346539732,4,-1.9870504507069686,-2.710052901152647,-1.5254547296443448,1.184598171508302,4,-0.17537566893081732,-0.23608189431361287,-0.13890939793256524,0.09717249638104763,4,1.3491973269825595,1.3233877481093437,1.3753666153312274,0.05197886722188372,4,-1.4701950962698809,-1.9814748080304483,-1.152689173542436,0.8287856344880122,original_synthetic_results
synthetic,d3n,4,d15,4,21.583940985270765,20.94480015584887,22.809291493769543,1.864491337920672,4,0.2772013146212823,0.23868536410874608,0.3478802816303963,0.10919491752165023,4,-4.061067080726713,-4.676832784664171,-2.869245796740895,1.8075869879232762,4,-0.32429793490743986,-0.3657585908538976,-0.25177111160517296,0.11398747924872465,4,1.3491973269825595,1.3233877481093437,1.3753666153312274,0.05197886722188372,4,-3.0031466125987407,-3.419500165565576,-2.1681066647624925,1.2513935008030836,original_synthetic_results
synthetic,d3n,4,d2,4,23.27684752140391,21.73696484113523,24.501273950030548,2.7643091088953184,4,0.40029244055108315,0.29613096974475284,0.4913358417223317,0.19520487197757885,4,-2.36816054459357,-4.022553477757416,-1.1772633404798896,2.8452901372775266,4,-0.20120680897763898,-0.31135746635951345,-0.10831555151323757,0.20304191484627587,4,1.3491973269825595,1.3233877481093437,1.3753666153312274,0.05197886722188372,4,-1.7466525488529032,-2.92471362392977,-0.8895830735638783,2.035130550365892,original_synthetic_results
synthetic,d3n,4,d3,4,25.52843294675946,25.42691580293324,25.673117523709248,0.246201720776007,4,0.6018916075848266,0.588077003280042,0.6087051857553932,0.020628182475351253,4,-0.11657511923801955,-0.23266658030765086,0.0514845831962063,0.28415116350385716,4,0.00039235805610451924,-0.011574389955527287,0.010382407481121958,0.021956797436649245,4,1.3491973269825595,1.3233877481093437,1.3753666153312274,0.05197886722188372,4,-0.08694269316494824,-0.17581134526902617,0.03764332591509231,0.21345467118411848,original_synthetic_results
synthetic,d3n,4,d3n,4,26.99420539298004,26.850683803110616,27.134884934223873,0.2842011311132566,4,0.6782222022137732,0.6704593265476361,0.6851838943460178,0.014724567798381716,4,1.3491973269825595,1.3233877481093437,1.3753666153312274,0.05197886722188372,4,0.07672295268505105,0.07604611273522666,0.0776954582417515,0.0016493455065248463,4,1.3491973269825595,1.3233877481093437,1.3753666153312274,0.05197886722188372,4,1.0,1.0,1.0,0.0,original_synthetic_results
synthetic,d3n,4,noop,4,25.645008065997477,25.52034371407379,25.759518318892646,0.23917460481885655,4,0.6014992495287221,0.5944132138124094,0.6074884361042663,0.01307522229185687,4,0.0,0.0,0.0,0.0,4,0.0,0.0,0.0,0.0,4,1.3491973269825595,1.3233877481093437,1.3753666153312274,0.05197886722188372,4,0.0,0.0,0.0,0.0,original_synthetic_results
synthetic,d3n,5,d0,4,20.22245391644671,20.078210227858854,20.381692028153132,0.3034818002942785,4,0.19505760006247208,0.18852680713008269,0.19851520417057011,0.009988397040487429,4,-4.887317628712167,-5.138963090063818,-4.706135451928013,0.43282763813580516,4,-0.38138438405518016,-0.3939603000795337,-0.37076243459443814,0.02319786548509556,4,1.2794435012999497,1.2524403137780133,1.3020469719255487,0.0496066581475354,4,-3.8204439114941082,-3.946833870719731,-3.6236502337184437,0.32318363700128705,original_synthetic_results
synthetic,d3n,5,d1,4,23.251574207256922,22.551592546329744,23.72304217360949,1.1714496272797454,4,0.4051836575758976,0.3495805258023015,0.4384652537072488,0.08888472790494734,4,-1.8581973379019558,-2.536234933751402,-1.4220067256157378,1.114228208135664,4,-0.17125832654175466,-0.22998392855715233,-0.1359734824292817,0.09401044612787063,4,1.2794435012999497,1.2524403137780133,1.3020469719255487,0.0496066581475354,4,-1.449429418420976,-1.9528609842047804,-1.1353888165147157,0.8174721676900647,original_synthetic_results
synthetic,d3n,5,d15,4,21.41634371677576,20.82914747966133,22.62977136280615,1.8006238831448194,4,0.26488645679565476,0.2271565624819208,0.3384189128938695,0.11126235041194871,4,-3.693427828383115,-4.258680000419815,-2.5152775364190774,1.743402464000738,4,-0.31155552732199754,-0.352407891877533,-0.23601982324266102,0.116388068634872,4,1.2794435012999497,1.2524403137780133,1.3020469719255487,0.0496066581475354,4,-2.8792951746153523,-3.279116578026063,-2.008301320828366,1.2708152571976972,original_synthetic_results
synthetic,d3n,5,d2,4,22.98676198044631,21.596124011115847,24.103250864593075,2.507126853477228,4,0.385793839013197,0.28408681335933333,0.4745884448758593,0.190501631516526,4,-2.123009564712567,-3.6210493068068246,-1.0417980346321514,2.579251272174673,4,-0.1906481451044552,-0.29840029385028305,-0.09985029126067119,0.19855000258961186,4,1.2794435012999497,1.2524403137780133,1.3020469719255487,0.0496066581475354,4,-1.6513844149564632,-2.7810435298288736,-0.831814516964521,1.9492290128643526,original_synthetic_results
synthetic,d3n,5,d3,4,24.988638251454216,24.884143986769125,25.12881492708609,0.2446709403169649,4,0.5749344757530905,0.561290536388545,0.5830534580696973,0.021762921681152347,4,-0.12113329370466275,-0.23150430437544856,0.0409874470049445,0.27249175138039305,4,-0.0015075083645617604,-0.013148199747985534,0.0074190285578019655,0.0205672283057875,4,1.2794435012999497,1.2524403137780133,1.3020469719255487,0.0496066581475354,4,-0.09537048515614746,-0.18484258437602571,0.03155968914114913,0.21640227351717484,original_synthetic_results
synthetic,d3n,5,d3n,4,26.389215046458826,26.253595359873884,26.51922028984822,0.2656249299743365,4,0.6503987254786641,0.6424496545716071,0.6574679497150189,0.015018295143411797,4,1.2794435012999497,1.2524403137780133,1.3020469719255487,0.0496066581475354,4,0.07395674136101188,0.07317201580659882,0.07498084250540249,0.0018088266988036672,4,1.2794435012999497,1.2524403137780133,1.3020469719255487,0.0496066581475354,4,1.0,1.0,1.0,0.0,original_synthetic_results
synthetic,d3n,5,noop,4,25.109771545158875,24.989036483406462,25.217173317922672,0.22813683451621003,4,0.5764419841176522,0.5692776387650083,0.5824871072096164,0.01320946844460813,4,0.0,0.0,0.0,0.0,4,0.0,0.0,0.0,0.0,4,1.2794435012999497,1.2524403137780133,1.3020469719255487,0.0496066581475354,4,0.0,0.0,0.0,0.0,original_synthetic_results
synthetic,d3n,all,d0,4,20.603991280183678,20.458676659704935,20.857710257049433,0.3990335973444985,4,0.23617212812721927,0.2296431746703918,0.24205247723383047,0.012409302563438668,4,-6.099591455487733,-6.367165782659825,-5.816808155476824,0.5503576271830006,4,-0.41765972154707454,-0.42943760582776697,-0.41003734436662687,0.0194002614611401,4,1.5159126048083955,1.4896085802893104,1.5448496099839204,0.05524102969460998,4,-4.024664939740019,-4.121544091742431,-3.784740333299995,0.3368037584424357,original_synthetic_results
synthetic,d3n,all,d1,4,24.399085775429864,23.541496674769093,24.956220704951757,1.414724030182665,4,0.4690263835203498,0.40746840659758476,0.5059562999207369,0.09848789332315211,4,-2.304496960241546,-3.133021737757165,-1.783724758954115,1.34929697880305,4,-0.184805466153944,-0.24869067528043187,-0.14654202704964114,0.10214864823079073,4,1.5159126048083955,1.4896085802893104,1.5448496099839204,0.05524102969460998,4,-1.517750264650964,-2.0385189641901067,-1.1953004847240924,0.8432184794660142,original_synthetic_results
synthetic,d3n,all,d15,4,21.931916732990945,21.25277455402979,23.116813068049613,1.8640385140198212,4,0.3120385967921112,0.2739964269946352,0.37723127886457064,0.10323485186993542,4,-4.771666002680469,-5.421743858496466,-3.62313239585626,1.7986114626402063,4,-0.34179325288218265,-0.3821626548833814,-0.2752670481058074,0.10689560677757404,4,1.5159126048083955,1.4896085802893104,1.5448496099839204,0.05524102969460998,4,-3.1420272442167967,-3.5276894320044887,-2.4279148939581177,1.099774538046371,original_synthetic_results
synthetic,d3n,all,d2,4,23.855803640951308,22.17150713477336,25.19734481990617,3.02583768513281,4,0.43815804441732004,0.33405865383176175,0.5284384320915585,0.19437977825979674,4,-2.8477790947201065,-4.654335307591399,-1.5426006439997018,3.1117346635916974,4,-0.21567380525697377,-0.325022126666397,-0.12405989487881952,0.2009622317875775,4,1.5159126048083955,1.4896085802893104,1.5448496099839204,0.05524102969460998,4,-1.870993420389301,-3.012808028374907,-1.033719629809754,1.979088398565153,original_synthetic_results
synthetic,d3n,all,d3,4,26.606490295549868,26.49782242881524,26.762214393923824,0.2643919651085831,4,0.6569324720532181,0.6445254752048304,0.6622939376932596,0.017768462488429226,4,-0.09709244012154805,-0.20568228006138867,0.08769598139756596,0.2933782614589546,4,0.003100622378924417,-0.007972851765547628,0.01328495916290462,0.021257810928452248,4,1.5159126048083955,1.4896085802893104,1.5448496099839204,0.05524102969460998,4,-0.06434008759290191,-0.13314064924645289,0.05705990450298535,0.19020055374943823,original_synthetic_results
synthetic,d3n,all,d3n,4,28.21949534047981,28.06363320417807,28.37069205234868,0.3070588481706089,4,0.7317607203452176,0.7249241339018647,0.7378486902946038,0.01292455639273904,4,1.5159126048083955,1.4896085802893104,1.5448496099839204,0.05524102969460998,4,0.07792887067092372,0.07733492455124291,0.07876790979644499,0.0014329852452020786,4,1.5159126048083955,1.4896085802893104,1.5448496099839204,0.05524102969460998,4,1.0,1.0,1.0,0.0,original_synthetic_results
synthetic,d3n,all,noop,4,26.70358273567141,26.57402462388876,26.82584244236476,0.25181781847599893,4,0.6538318496742939,0.6475892093506218,0.6590807804981588,0.01149157114753696,4,0.0,0.0,0.0,0.0,4,0.0,0.0,0.0,0.0,4,1.5159126048083955,1.4896085802893104,1.5448496099839204,0.05524102969460998,4,0.0,0.0,0.0,0.0,original_synthetic_results
real,tsrwgan,all,noop,,30.259645089567545,,,,,0.8801005497747265,,,,,0.0,,,,,0.0,,,,,0.6303549104324553,,,,,,,,,user_reported_revision; see mean_provenance.json
real,tsrwgan,all,d0,,26.84462006056688,,,,,0.6705,,,,,-3.4150250290006667,,,,,-0.20960054977472653,,,,,0.6303549104324553,,,,,,,,,user_reported_revision; see mean_provenance.json
real,tsrwgan,all,d1,,30.262,,,,,0.879,,,,,0.0023549104324551706,,,,,-0.0011005497747265114,,,,,0.6303549104324553,,,,,,,,,user_reported_revision; see mean_provenance.json
real,tsrwgan,all,d15,,28.004,,,,,0.789,,,,,-2.255645089567544,,,,,-0.09110054977472648,,,,,0.6303549104324553,,,,,,,,,user_reported_revision; see mean_provenance.json
real,tsrwgan,all,d2,,28.556,,,,,0.7737,,,,,-1.7036450895675443,,,,,-0.10640054977472646,,,,,0.6303549104324553,,,,,,,,,user_reported_revision; see mean_provenance.json
real,tsrwgan,all,d3,,30.89,,,,,0.9004,,,,,0.6303549104324553,,,,,0.020299450225273463,,,,,0.6303549104324553,,,,,,,,,user_reported_revision; see mean_provenance.json
real,tsrwgan,all,d3n,,30.2,,,,,0.8994,,,,,-0.059645089567545995,,,,,0.019299450225273462,,,,,0.6303549104324553,,,,,,,,,user_reported_revision; see mean_provenance.json
real,otis,all,noop,,10.363494578855278,,,,,0.3074583906070616,,,,,0.0,,,,,0.0,,,,,0.24250542114472218,,,,,,,,,user_reported_revision; see mean_provenance.json
real,otis,all,d0,,9.805119497405808,,,,,0.2633,,,,,-0.5583750814494692,,,,,-0.044158390607061615,,,,,0.24250542114472218,,,,,,,,,user_reported_revision; see mean_provenance.json
real,otis,all,d1,,10.372,,,,,0.3101,,,,,0.008505421144722192,,,,,0.0026416093929383933,,,,,0.24250542114472218,,,,,,,,,user_reported_revision; see mean_provenance.json
real,otis,all,d15,,9.926108757572383,,,,,0.2858,,,,,-0.43738582128289494,,,,,-0.021658390607061595,,,,,0.24250542114472218,,,,,,,,,user_reported_revision; see mean_provenance.json
real,otis,all,d2,,9.966438198673117,,,,,0.284,,,,,-0.3970563801821605,,,,,-0.02345839060706162,,,,,0.24250542114472218,,,,,,,,,user_reported_revision; see mean_provenance.json
real,otis,all,d3,,10.606,,,,,0.3367,,,,,0.24250542114472218,,,,,0.029241609392938406,,,,,0.24250542114472218,,,,,,,,,user_reported_revision; see mean_provenance.json
real,otis,all,d3n,,10.341,,,,,0.3404,,,,,-0.02249457885527839,,,,,0.03294160939293839,,,,,0.24250542114472218,,,,,,,,,user_reported_revision; see mean_provenance.json
